"x01","x02","x03","x04","x05","x06","x07","x08","x09","x10","x11","x12","x13","x14","x15","x16","x17","x18","x19","x20"
-0.75637366793805,-0.113316948492789,-0.386799691484041,-0.323116850719004,-0.161953090451371,-0.187091256036996,-1.01892556098262,-0.423531563834911,-0.153547541652465,-0.247570307622099,-0.220360902175826,-0.299712324139233,-0.225090665440071,-0.257112528381224,-0.219621578254805,-0.103311059767359,-1.17643186041188,-0.132043058598595,-0.139471917016469,-0.43154824208595
-0.870649024220666,-2.07071029912739,-1.50629304704272,-1.28063884543454,-1.69991617130088,-1.73433304481419,-0.830800060038393,-1.26698976315446,-1.84637524142636,-1.74104824093576,-1.62688743563411,-1.60422064577281,-1.60171046655359,-1.66450649976229,-2.0544114835265,-2.08022061686656,-0.806953429325823,-1.82979605446197,-2.12975980255425,-1.26673347641759
-0.125701403447552,-0.25681422835088,-0.176508126125006,-0.163675530545151,-0.217569250660257,-0.225659759339817,-0.100815419225935,-0.148494241997484,-0.216544721838956,-0.217528295072352,-0.203450053132127,-0.199910895520085,-0.211149611436506,-0.216839692939065,-0.264699210990548,-0.261458662027006,-0.0961094318662065,-0.241545805580049,-0.26423835364524,-0.15010964155411
0.36515232913409,0.822385248252771,0.566401936078892,0.491273612917481,0.689769243901809,0.703658152748891,0.286107373201578,0.473520506725553,0.676335512117768,0.693742330155406,0.624540485947169,0.644529738534861,0.648853470888174,0.663866958150762,0.857576069693477,0.821485013166902,0.321844086918522,0.76999304432566,0.860616863950292,0.468233087744923
0.354127390702563,1.64006303321439,0.784398273762316,0.647566732673499,1.20441272751781,1.21926366137594,0.237545161434509,0.606240550765316,1.13446923685462,1.27236675319989,1.04617185344839,1.01853748295237,1.07571753152803,1.13134148859309,1.75586885469743,1.65457906579867,0.221216252579756,1.39920057846451,1.79812824055862,0.578004033482111
0.885145173112127,4.2815702055035,2.03420271780427,1.71229794784524,3.14019792592509,3.22140076297237,0.62412292101188,1.56775186066667,3.04030611091975,3.31640349272628,2.72226132781376,2.61017234716437,2.79914334502271,2.91280461022024,4.45617773964799,4.36905294862067,0.651871496661456,3.63864665870496,4.77360448590679,1.47481189781311
0.659086235671005,-0.620783874780448,0.559382499146493,0.681808595937659,-0.464294741547007,-0.415245339703193,0.47062193286468,0.785121726611108,-0.433717463970634,-0.48828737994482,-0.0192997187260889,0.0215476480288855,-0.138748352296651,-0.221223242014563,-0.568469331211874,-0.67265964214814,0.476908852200465,-0.671427089435452,-0.409632973732795,0.667765152547146
-0.742547028209709,-3.73272371312457,-1.79896247781366,-1.53916260486296,-2.69405398660586,-2.75351904677077,-0.568535395917391,-1.35589591355951,-2.64459997149955,-2.92830841326121,-2.36203140223472,-2.29507049063828,-2.4957928480564,-2.55692314641435,-4.00514207672491,-3.90353734085911,-0.521064785576051,-3.20895269431591,-4.12754324287041,-1.29577996435711
0.259641421816228,0.063222639843206,0.118178497192154,0.150250873066502,0.0772803269798708,0.0699317377635851,0.330684039149294,0.129275451792033,0.0740510891591978,0.0638281121478664,0.0928584171294957,0.0912478054969953,0.0863613902351956,0.0741506166608942,0.0404614961933965,0.0549193309433085,0.370028212060742,0.0603647646436285,0.0680276446367724,0.17822079839627
0.686060457392973,0.165447135153818,0.35684897645369,0.420799017105496,0.227983991271032,0.222995652308259,0.976447219334262,0.510476658883001,0.243215129431378,0.227231533920653,0.289663591811137,0.278363879618152,0.165205276595607,0.191777420895596,0.196247231330227,0.247015367571939,1.1634231272328,0.204460939314732,0.231675624516889,0.463838219903519
0.120244809481054,2.75811112716407,0.618509276678479,0.451104058740225,1.53091121408329,1.53525850694309,0.0600809740375056,0.35459453149442,1.40681433276045,1.68040282369298,1.10740227729943,1.06651629978505,1.20194117212281,1.30863696401501,3.17953618620204,2.91143423968231,0.0517646504565295,2.08196491967113,3.3993771580219,0.33250888118669
-0.240380707206768,0.271529397176242,-0.187093678133071,-0.267223738367533,0.188088852099062,0.184931644271743,-0.190353235760504,-0.274504330667859,0.130375027253176,0.1797645517353,0.00903388958809499,0.00181357540937481,0.0594526110670741,0.105459805143256,0.201125468993816,0.221693844760543,-0.193236495486625,0.25350860590931,0.148752608844957,-0.275755829568808
-0.404276367390422,-10.436658226642,-2.36244975122697,-1.73471248737115,-5.7932852576826,-5.83603252699816,-0.239706799629538,-1.35786167103866,-5.31581045773414,-6.37981319796373,-4.23069834012513,-4.06076362428403,-4.51640319967517,-4.93390342442996,-11.9914973509875,-10.9986423907909,-0.215514295842603,-7.92761766439135,-12.8693020779325,-1.24160705911342
0.403082957122827,0.880926263778173,0.564504994250496,0.548543137406645,0.730232944734236,0.725062773594153,0.337357049552134,0.503888494179384,0.716793180123157,0.757073706121502,0.694262916022632,0.64410553964775,0.704374032210039,0.686029080383135,0.849349476447869,0.80647308244219,0.329560124570661,0.833340191664942,0.891027824175997,0.466666792890278
-0.0686767010186832,-1.64404720960917,-0.381254849927629,-0.273288656671911,-0.914493696270196,-0.91830304436378,-0.0394268174060851,-0.220518581959306,-0.844221333967698,-1.00999927791243,-0.662441987488176,-0.639939996046731,-0.715893621727982,-0.783635142956052,-1.89918431238972,-1.73662348326353,-0.0314494224478778,-1.2513345160129,-2.03069491543162,-0.195401510116244
0.975856508493496,2.23659877284779,1.4247304135893,1.41748221703851,1.8187782579516,1.74729992550863,0.783027641981608,1.29049957861995,1.88596756383895,1.93585116136829,1.74354078299992,1.74114382280832,1.71777914553397,1.85568314928866,2.1887046189345,2.10380060746185,0.782835508916307,2.07762204798025,2.13526600022096,1.26018455195305
-0.245795688153389,0.279086823274789,-0.183034095835448,-0.23230065163161,0.193100937208972,0.18349838878241,-0.214189245127493,-0.274981114637406,0.142797997915091,0.227334990390985,0.0369801830928957,-0.00464252680186218,0.0858445766565823,0.114883482862468,0.219311373680348,0.262817786470105,-0.208448580547701,0.276752177100035,0.194592654173254,-0.295551664156815
-0.594741928163199,-0.0573185687120479,-0.289456255136968,-0.315632731557116,-0.188049030402962,-0.223690263982855,-0.787038496254485,-0.341664961743959,-0.153933048882392,-0.171044255066948,-0.177515638164883,-0.233631756060255,-0.206602246559399,-0.174982772578536,-0.120580111621458,-0.103878898062582,-0.896145360606044,-0.135808634077106,-0.0670797204765772,-0.363379635799108
0.70447602225415,3.28080178242415,1.61341631284059,1.35975661626579,2.4941713284207,2.49733351690245,0.564280907897534,1.20804552977592,2.36591290826921,2.59547983422483,2.06955250353384,2.0414206366367,2.17962485009473,2.31892846458634,3.5720233646382,3.38869349250906,0.453454217836073,2.89924853464298,3.66580170516943,1.13114078151996
-0.798074921421742,-17.7891678256177,-4.05198661503006,-2.88157367444587,-9.83547043733118,-9.88348201380903,-0.440027868040382,-2.33946050167401,-9.14801602007449,-10.8349755607626,-7.06726550840242,-6.92622589730568,-7.74955748731269,-8.47511361481795,-20.4945375633094,-18.7560624362585,-0.289058063643887,-13.5002813336352,-21.9779370263902,-2.14245076029532
0.474667549471187,0.105992576818237,0.163659736339375,0.244682622427119,0.12546433641284,0.122353312355374,0.606371854741331,0.244295711489354,0.133260001935836,0.130316505615206,0.128807351346537,0.124560683621281,0.122309124910886,0.13298052102882,0.091780170883833,0.068581724012776,0.617922517172463,0.0966797636001824,0.0727288157045613,0.229696395861988
-0.279899410040639,-1.31027877416358,-0.622489219714721,-0.551836595443397,-0.97936793731706,-0.990688995555641,-0.183420641407632,-0.500938964374059,-0.925265998021533,-1.01705767550425,-0.811122164975286,-0.817144760938578,-0.880067125625749,-0.921161156413871,-1.42185942651518,-1.3513765759938,-0.194556425945831,-1.16254999556842,-1.44591173019055,-0.448261377815418
-0.071118361904872,0.0764911851952654,-0.0589514495089431,-0.0733068525350264,0.0443047512060907,0.03841440856754,-0.0527455256926741,-0.0753264325171165,0.0372957112069974,0.0502705534446386,0.00127758960717738,0.00711195473366964,0.0160320632021679,0.0276370737019635,0.061309877048276,0.0701539321931946,-0.051798862715885,0.081269525868273,0.0419329536210897,-0.0790583089508923
-0.715479054899555,-1.57788871557502,-1.06986044919129,-1.05109458583943,-1.35746868943024,-1.36996896472354,-0.563168695846874,-0.925549450214222,-1.30202251160297,-1.41406120252475,-1.20383558949945,-1.20153508532709,-1.30467562267701,-1.24561581676187,-1.63516716260267,-1.54450177299737,-0.582369160706481,-1.44972849940644,-1.62556209018541,-0.921283915872324
0.296343816840968,-0.292578199130956,0.218955968014851,0.284250416130984,-0.186649421889121,-0.164847174106993,0.205358042543574,0.321541578799132,-0.117993836940471,-0.200355664403978,-0.0241250629390579,-0.0153018473176463,-0.0453172828447731,-0.108283064880447,-0.219041337005347,-0.277702928109475,0.187957911603278,-0.293744248295127,-0.1721158794566,0.311082450483318
0.220690208625941,1.07612866182895,0.517435272857994,0.43197108548638,0.811310618897539,0.818310828904373,0.181723823842992,0.386103992981119,0.772568877850531,0.845659073592532,0.675218061108865,0.681812910084648,0.717671659569894,0.736367015059962,1.15256989069892,1.11510390380728,0.155161208590172,0.956514160857534,1.20138167975001,0.368044220332297
-0.958121635926808,-4.82298037243268,-2.30716284765158,-1.97050463593385,-3.5645678150038,-3.56280767213702,-0.764339267296419,-1.68889308731123,-3.49848107013313,-3.78216556071719,-2.98623872053767,-3.00878217259085,-3.2340845570594,-3.3221322144202,-5.17853891052734,-4.86213047116753,-0.724973921674173,-4.16054426613232,-5.3059395795472,-1.6832230370605
0.600655225339991,3.11962314493876,1.43591299188202,1.26247258620043,2.38730505320308,2.33606241087458,0.507722124226586,1.11119788208155,2.17725132500566,2.49923683882426,2.02382493712176,1.99044269742757,2.03803099359072,2.17478618028065,3.3383088151244,3.23027748445753,0.43610473101723,2.67833076929648,3.45257747907256,0.989457149515974
0.701392811141978,3.46149359473253,1.63689401978249,1.4356905934763,2.61886289826053,2.55639327139425,0.59635117064135,1.25562555722769,2.49955657974885,2.75443368816749,2.21165522685987,2.21770479694403,2.31512262186995,2.43284194498632,3.79065184956406,3.57514104288115,0.459652487095257,3.05171935704713,3.86812067090204,1.13860062811211
0.86510973333868,1.90807771157652,1.37956951837333,1.2087101523469,1.70415476730769,1.68104016333206,0.749385561487002,1.18841505719331,1.66387039848319,1.69992621257476,1.58021305504347,1.55642249754836,1.64504260537335,1.55919591114135,1.97426669194057,1.97735106016989,0.732512919600113,1.86367409859405,2.04163048544715,1.12494621735689
0.434332857634697,-0.489459667219337,0.348555082886696,0.45742347038138,-0.32165442850506,-0.257194679839469,0.380868472796599,0.49356371180285,-0.27945441083495,-0.381427679835125,-0.00416117397969494,-0.0179294538517694,-0.0803488020520995,-0.166255967431683,-0.38722190547221,-0.435306893317557,0.316556235496395,-0.489256609575865,-0.338478712340049,0.510590359300777
0.494108116138674,1.09289987715446,0.773850930273391,0.672057825186278,0.892329418442726,0.942272324909641,0.424268580180409,0.642810138671749,0.899105232304412,0.893142119479392,0.849681250191139,0.830714756775104,0.877610833813545,0.902673248944651,1.10844458933759,1.07834098210558,0.410802252026914,0.959786341026289,1.10294122918198,0.639000073040548
0.0276686661182547,0.657624847066597,0.148932174615702,0.108776955250376,0.364348042254561,0.366747955261595,0.0168393002813652,0.0871465133536892,0.333959375765111,0.399343034436426,0.26436295906762,0.257548675610421,0.283995863991277,0.312827755493713,0.75584547455402,0.69232389217131,0.0104939415080317,0.497966474565853,0.80821554079583,0.0783852707746302
-0.190048746527851,0.18192855464843,-0.148201753225388,-0.182797554820224,0.130243184432101,0.138926378258006,-0.130759081365617,-0.189747040994997,0.081206359459582,0.152278034559531,0.00475999608597921,0.0082191688945939,0.0466424659432753,0.0942271120142153,0.130986059560236,0.182934517206824,-0.136316081551614,0.176497895912701,0.113428909192648,-0.201276443180681
0.677858038579813,0.146045246150898,0.2490957654724,0.344422890709242,0.18184158367852,0.209074961008502,0.947394306401851,0.33136868020767,0.209009812432214,0.159452394701923,0.213399084799267,0.236116919420945,0.170271088154449,0.203567419320453,0.173460937412579,0.0927266356766403,0.993161514914688,0.142813194700169,0.163338461041807,0.363192602775001
0.136449343484074,0.705140487974391,0.334504716159906,0.284452086896243,0.527432361803857,0.525090229087366,0.104250210455489,0.25567845410532,0.497323953920992,0.559635869864554,0.445461227303286,0.445572606374097,0.473777352117699,0.488091352945195,0.747319850745217,0.722676917194995,0.0940848787912698,0.624872944334194,0.771654497178798,0.241878448705278
0.226748861431701,5.36345750999008,1.21181566180692,0.887686582469021,2.98219684827999,2.98498701555606,0.137956646019491,0.730591278429269,2.74533262891627,3.26821706464421,2.16240140923439,2.09867076560427,2.35088768244444,2.54078972965767,6.19267242107023,5.66362756986644,0.111227604131038,4.05946574500727,6.61331702009942,0.634557035444151
-0.205288530557929,-0.0383929686968188,-0.0731056925705885,-0.106479913008159,-0.0456729724998569,-0.0474707288682366,-0.271535658614112,-0.121654125789866,-0.0722549738908476,-0.0604437941517288,-0.0750285612700867,-0.0508480844169945,-0.0495009741797078,-0.0636324400552026,-0.0435887024387243,-0.0413836828769913,-0.28657308711502,-0.0568136231260087,-0.0487123715950577,-0.114863437993234
-0.400462666296828,-0.0821150714857819,-0.173272761136536,-0.216637103024694,-0.102806677607296,-0.128804538133616,-0.52250006380847,-0.242932542828381,-0.0994287055440078,-0.11853159903201,-0.109444161136981,-0.149121166949737,-0.121051006827245,-0.0778421087217514,-0.0540523045635789,-0.0864718290984103,-0.596971133804677,-0.107373970125865,-0.0812705885779251,-0.235323985459765
0.0201372201145536,-0.0227354877075916,0.0154879287240088,0.0191050571990015,-0.0127859474252573,-0.0130325714207245,0.0163161741811581,0.0204318076974164,-0.00989779169383939,-0.0173157382463526,-0.00327254550656996,-0.00176591262921346,-0.00417007213461951,-0.00504022197628144,-0.01700702089588,-0.0191153107867617,0.0144434475418503,-0.0214689623567821,-0.0143773979531722,0.0223207844136126
0.692394200476145,3.43230551521784,1.61307778847209,1.38416983494996,2.59068531695885,2.54414872865691,0.532639384804009,1.22228615193372,2.40023233992437,2.7297144098595,2.1260509360511,2.16087277844879,2.21657404845881,2.39097134064689,3.7781891149719,3.53147075281334,0.520908709715506,2.99694045096714,3.82796810961505,1.17804336917289
-0.850012271933981,-0.251893082786536,-0.33333211877659,-0.419258781922459,-0.28999493249677,-0.276523560578199,-1.27619134633793,-0.476648525313692,-0.327256953589914,-0.156373959187998,-0.296146485998133,-0.320854022184608,-0.294198322708221,-0.192892229940436,-0.231336123836773,-0.230302775831159,-1.40583030265496,-0.203037633164816,-0.158110837242105,-0.51844770694611
-0.461052404399298,-2.23087881718293,-1.05758538623815,-0.926374862142796,-1.66294760105506,-1.65790899536505,-0.343034969570569,-0.810681255963898,-1.62056381892674,-1.72107748647606,-1.43459826334671,-1.38386407976338,-1.50842203874935,-1.53841702150274,-2.38600134759965,-2.28355579489552,-0.350138415321749,-1.93936591041025,-2.47824513248589,-0.734692548861079
-0.958573950965039,-2.06417663249918,-1.36872569083074,-1.23856642585111,-1.77557745056565,-1.74020504361653,-0.72141222621072,-1.18078896188792,-1.72535411632382,-1.7396916091984,-1.4913035111037,-1.531229153984,-1.62875960534305,-1.5746290154533,-1.95855188075678,-1.97488604703102,-0.708265758792492,-1.82300264550523,-1.99750997997623,-1.15295802024105
0.192526313474687,-0.206086484022686,0.154132049875523,0.198965175266304,-0.11294975065018,-0.114624615109431,0.162006709899466,0.202842836891407,-0.102088980212953,-0.168316553728781,-0.0147198374729782,-0.0130857116039394,-0.0650537922607632,-0.0660026757322759,-0.168967243592526,-0.183278986429945,0.151258225393794,-0.204008878903149,-0.130409418331663,0.207737541389063
-0.8847466610864,-2.16274537679079,-1.42870882815737,-1.34662663777829,-1.77421211512625,-1.89846099100275,-0.791474543760187,-1.2816323374975,-1.84533942970298,-1.88878526305201,-1.79480119337256,-1.66319424515261,-1.71171803381756,-1.74950349314922,-2.20185714112794,-2.11728754839731,-0.907192871439562,-1.99186729633778,-2.23958560279682,-1.2492753797792
0.0703570793458745,-0.0736238762679617,0.0538275904876994,0.078917570502217,-0.0535651110040795,-0.0513051917307253,0.0553047871560929,0.0820606099705785,-0.0404784324221079,-0.0568309714005523,-0.00940039809228706,-0.00343739984394945,-0.0146467857765951,-0.0303783738726523,-0.0581414080101885,-0.0762275612956831,0.0501966915043319,-0.0774644968302904,-0.0477040032037802,0.0777364126594647
-0.681223851131972,0.819850841825231,-0.534728662330423,-0.671315177201335,0.448187845402621,0.455170996953641,-0.597942402203365,-0.695696528031376,0.40260082935682,0.570782067312727,0.0638935416510198,0.032070189774172,0.224169279753655,0.253680414377565,0.567484200036814,0.725129937135086,-0.479391239984472,0.798721341368063,0.468720050776523,-0.72846528044337
0.0177500537904268,0.391935382016803,0.0890535866111992,0.0650617162483472,0.217393249837206,0.22060741140476,0.00972274301722114,0.0523644796619678,0.201104691589977,0.240530786447192,0.158249552259568,0.15403937068206,0.172141257068671,0.186323474929388,0.453812954004995,0.414574503774764,0.00690888954121652,0.297560257302046,0.486434878812884,0.0476821800317918
-0.08970307032474,-0.449856385938008,-0.221791408727493,-0.180412912883207,-0.339115399524856,-0.331169903253552,-0.0740298449988729,-0.166313822311736,-0.31875266067369,-0.346329034590308,-0.275137462154912,-0.287828350954271,-0.29242764054704,-0.312057460860498,-0.481050164693568,-0.456170867967011,-0.0575234164589785,-0.393363157285908,-0.496839097814981,-0.151244694688343
-0.65019134415752,0.690023339774885,-0.489156825660196,-0.643718193094507,0.461145849104186,0.564982449254342,-0.547815449098768,-0.80212545715884,0.315978077268233,0.555047298686393,0.0163650710555238,0.0439954561376086,0.236827643391129,0.243580580867391,0.49334297404309,0.6985165448242,-0.452345109018505,0.673973233669602,0.438891513396852,-0.722310957469706
-0.0393854567856467,0.0423711744235893,-0.0286788022064165,-0.0417890122551473,0.0258010695178365,0.0266717345040465,-0.0321474015838651,-0.0444351736395099,0.0193735371836583,0.0324399599351033,0.0028374901935466,0.00409657711192098,0.00722072974679136,0.0144371495604523,0.0311747039959133,0.036756603916707,-0.0255875252692013,0.0427040508054866,0.0241610760950014,-0.042869336165792
0.618750514433111,1.28762090130602,0.965733019102023,0.837129322349886,1.18872896216546,1.1544099853351,0.538302567152072,0.806519484853769,1.16464380363809,1.1634622654947,1.05656216994038,1.09425275470371,1.12133329328221,1.11511639651237,1.34491799672892,1.36806428966637,0.509504717352221,1.2426120940357,1.43906879451721,0.800197490395135
0.363896467241415,7.98007925008184,1.80440766376452,1.32863659355353,4.43972398242272,4.45540447333626,0.19687581957472,1.09571623949668,4.08563871128935,4.8634119334942,3.19319510987691,3.13643736780488,3.49078091626019,3.79807753551468,9.20859397141089,8.42304663725417,0.151909382348934,6.06196570654932,9.86299730220041,0.943444704320525
0.499229634039448,-0.539757495564485,0.389094459122123,0.492465751772289,-0.329732055474092,-0.373099145483655,0.389009833157597,0.557986316892821,-0.24153544644852,-0.444188429949513,-0.0767386765096145,-0.0378098995127056,-0.10269442153058,-0.173008102054945,-0.438812166186303,-0.499268245619392,0.421084974623642,-0.561192352368153,-0.334348720873066,0.536786211319032
0.221231370517592,0.0394969018281172,0.0888747469966708,0.104730381935023,0.0565785450039647,0.0500435424335322,0.276250744513966,0.122914968284689,0.0611415683413216,0.0727763619040874,0.0804639565412328,0.0700188978342703,0.0581897789201216,0.0592349101512986,0.0273860351554921,0.0531496298542142,0.312664448303426,0.041466926331755,0.0428054645324777,0.120212256134587
-0.292728999523479,-1.41412132079872,-0.678579737362027,-0.567170162609588,-1.03473609456752,-1.06477372662807,-0.215764809983337,-0.489631440702411,-1.00678712778796,-1.09386629068879,-0.906317268386511,-0.882214540079352,-0.94997202090489,-0.96707983841503,-1.53287417033352,-1.46353617928517,-0.185171446734732,-1.22525681863949,-1.56549198815861,-0.46654760058089
-0.353297389545252,-0.730297475613581,-0.5152051018641,-0.454124687420493,-0.614489373645892,-0.618733238215509,-0.289440468878133,-0.426771027496188,-0.576929781263538,-0.645841270727764,-0.565254361550595,-0.576501030641909,-0.588394257292766,-0.621832054410861,-0.767195102483839,-0.760029603883264,-0.2680697688704,-0.686846698868488,-0.748410266576122,-0.429006919625372
0.72900998125443,17.6194761543721,4.04290265379567,2.92333031973675,9.78617779402821,9.86147697029151,0.42372463640217,2.35119148593137,9.08035204766835,10.8101925850285,7.1761401075155,6.88789734734251,7.65758459131907,8.45927080641319,20.3710356871909,18.6701975025394,0.358965967646185,13.4136764014693,21.7239227827033,2.13265154382447
0.0318098923213535,0.00787791957056808,0.0145316197226693,0.0182544370048273,0.00800724967714785,0.00893936684470178,0.0485609068038116,0.0230607680573084,0.0112766214346874,0.00562516009578972,0.0111935047196807,0.0091850548534168,0.013771849928457,0.0136054667709441,0.0098086565068255,0.00715815663963841,0.0543651793198096,0.0104808747653156,0.00653633258777778,0.0254920656398077
0.779697067522073,0.169650744812244,0.29586571846454,0.371282822678514,0.14372361706563,0.198520369994677,0.930336529041777,0.376414167818845,0.217343711012588,0.251240665522013,0.204293236957309,0.201375145777906,0.165861334997383,0.181807586856026,0.161288306095188,0.0859771246450838,1.09156595151948,0.18735477736026,0.152737101703773,0.487375915718859
0.799652463433157,17.6097513226502,3.98306251634143,2.85230590508817,9.79349644420117,9.89429997759797,0.361031949217814,2.35345671974071,9.03584925698434,10.7089996232385,7.11896165645811,6.896238870214,7.6978131629609,8.36730846743073,20.3986767097538,18.573507717141,0.332949485713261,13.4316252702772,21.78592500154,2.1001183350022
0.0497884571524942,0.116081162318698,0.0798362014441009,0.0761282638144616,0.0974743279420156,0.0964227034928333,0.0452315254320496,0.0666589107139567,0.0949638858681053,0.100055651656984,0.0919121770651458,0.0899823552594534,0.0958334532809017,0.0950275960273378,0.114920351012025,0.117928461406224,0.0415843328925383,0.104755448572728,0.119918283202481,0.0657332913634026
0.518463177775088,1.16313697335795,0.809375069678352,0.742080640935858,1.0335488451317,1.04394992692457,0.487893788177688,0.720164614983785,0.927781199128573,1.00027522148979,0.903944183896369,0.865888496939572,0.939677188210116,0.969971706405767,1.23111914380215,1.14557370889785,0.429469768622615,1.04354070464179,1.21058442453087,0.654345962357941
-0.201930624262333,0.209412862493238,-0.1716889731189,-0.23549179340468,0.168857224185752,0.140676794553164,-0.178458592405682,-0.229593084063137,0.103074368895359,0.145796313420482,0.00533320450065059,0.00220161076714,0.0421034577444615,0.114955068400618,0.166302041160465,0.198217327088321,-0.179012914200814,0.227729689251143,0.144508675973407,-0.259375222596455
0.211319296180891,0.0433191062555579,0.0946295733503849,0.108245391033845,0.0455965626835136,0.0647708306131044,0.290415422947474,0.125951594637843,0.0427575156623715,0.0508163216973484,0.0680804439599315,0.0912305258008089,0.0667544249395139,0.0576863264901551,0.0413143114470615,0.0382432953484828,0.321234634002881,0.0556332499097321,0.0521273335587756,0.109516859641891
0.330449212651005,1.71369574576915,0.803926622099662,0.68151921058869,1.28495058378811,1.30938183227107,0.273331550048768,0.648393361150329,1.24071643766715,1.40103553509528,1.11185518898082,1.10099711647861,1.14611292341539,1.21125434497811,1.85345398605143,1.77972845819629,0.245626817039029,1.54280743363104,1.9244055502745,0.612965421749057
0.0338882154789079,0.80301665945271,0.185231429198942,0.130294691705171,0.448411759742053,0.451751659444899,0.0181862463747878,0.107581366501636,0.413024642467235,0.490082505116377,0.321812126872338,0.312316368108793,0.349937386617083,0.383700538972693,0.933293713043637,0.852934415701294,0.0143241162953184,0.611666495638934,0.995611813439253,0.0968262528908318
-0.397936022649091,0.41332467960557,-0.3056158644293,-0.409394359785998,0.291600939718284,0.258559505976629,-0.333438323698646,-0.418820933543054,0.206765903452076,0.326321267108982,0.0270828604179087,0.0394570482303586,0.111161088634121,0.129159887683657,0.360096174624331,0.402147620810222,-0.276902862589859,0.451878461352913,0.271366927360599,-0.448220271825252
-0.783550040024874,-3.58638542828204,-1.70705698129329,-1.47343135467501,-2.68340652184355,-2.75919318384451,-0.537188278919415,-1.36576055057976,-2.61008062119498,-2.83043345509628,-2.2907811780692,-2.26985487829168,-2.41104362231312,-2.5443898770068,-3.85674260355293,-3.79066287499642,-0.527590297476237,-3.19608487480268,-3.99957608149347,-1.23565720709587
-0.667967329527061,-15.9492499997908,-3.62321084753306,-2.6239144701141,-8.93373647939334,-8.94049481851455,-0.375914445816257,-2.0770991099663,-8.21881622772181,-9.7509186230657,-6.3957430928606,-6.27996039232958,-6.99211205521111,-7.60711629796076,-18.5050489487115,-16.8912003469707,-0.321690561801119,-12.1206862025774,-19.7761761993731,-1.91060912169454
-1.01780129693968,-24.4681058203072,-5.64075404308105,-4.05080752831382,-13.6069206305132,-13.7239605251993,-0.572259457259618,-3.2431092200348,-12.5577977348696,-14.9414893261151,-9.79799507109198,-9.56823599276604,-10.7217389919574,-11.6795710840169,-28.2285078461767,-25.8890352102178,-0.450707506313784,-18.4980598144356,-30.2234337587856,-2.98768792878892
0.929186988047137,2.04265872010039,1.37345789800057,1.35491628484584,1.71879364366511,1.79987692311012,0.772575004523002,1.19830730761944,1.75503188810865,1.84922801320396,1.57414231232301,1.61976420764671,1.69972433198891,1.66411235555908,2.08445721845285,2.05513312789466,0.806286231777415,2.01023400862199,2.14717390542319,1.17976635076129
0.498590677800779,2.29718445761929,1.073092990774,0.936462812646286,1.7259757368067,1.70336278543554,0.366180506872504,0.816930917859656,1.61571067741258,1.81256402461114,1.4611197726381,1.43713088947496,1.48413521909411,1.59806157156101,2.4978518030569,2.35161884529656,0.309020593708937,1.99437572239632,2.54009317614411,0.802310122344071
0.404381332321012,-0.420731275670152,0.289803435877949,0.401179769343649,-0.280931546215462,-0.310829258453991,0.370660574400722,0.452209157807327,-0.174771895247179,-0.307524136479503,-0.0588038911263235,-0.00445574888637474,-0.105091903429449,-0.145479358688187,-0.358343380793769,-0.384033641269237,0.321098129783105,-0.436163033420445,-0.320015302169563,0.479075326195118
-0.739770655182615,0.868085546038543,-0.590761612842202,-0.850604185158689,0.506498251142111,0.52078558716971,-0.617723743194589,-0.83072645922045,0.414367775868028,0.679110445969481,0.134755253445467,0.0177442059861382,0.239875331849616,0.303733438369386,0.606730391467269,0.74319152031413,-0.668547799022664,0.928624281967082,0.567253484117545,-0.801837910955751
0.594976533908601,2.87972714234393,1.36412173877543,1.18679979997301,2.12003934250224,2.17627323326205,0.431066940643172,1.06235458199169,2.08906051593077,2.2385856352578,1.82100176723954,1.73150729219662,1.88541264050038,2.00288497237896,3.05864658599587,2.93306629000348,0.381901473084112,2.48430993899339,3.20651178681368,1.02397507344144
-0.704412888062421,-1.60180701836192,-1.0857020428131,-1.02013210090739,-1.37771887555571,-1.31327454946633,-0.63840556037501,-0.911554154646405,-1.29937257270764,-1.39829728137925,-1.21771463628665,-1.21571744726964,-1.2514594234708,-1.27180708985578,-1.56536771342699,-1.57238049836339,-0.612666799668158,-1.44538682631057,-1.58868591001004,-0.849829635088494
0.732547020592561,0.110967536873034,0.328186760773283,0.366143686843784,0.194422577312981,0.293766956851203,0.977447258019326,0.450268231122227,0.238944242485026,0.170037609025672,0.249571729985206,0.208144055055977,0.177484073707519,0.176651714126116,0.187715637930745,0.0890675719330555,1.09944742294455,0.143033805042289,0.142402136615144,0.42948443162408
0.0929869717346242,-0.114458922391351,0.0580401709381317,0.0974700778806521,-0.0748736850359851,-0.05545550605322,0.0632939333907293,0.1035616084049,-0.0489964997462865,-0.0768550432382562,-0.00264999760990804,-0.00464678765044466,-0.0159488692840847,-0.0354778652668006,-0.0712485188476253,-0.0928297865135712,0.0697485632048725,-0.108166390997304,-0.0509262172953325,0.10059776438977
0.315277687432199,0.744088283054731,0.489732951284614,0.46937453032065,0.631661628671409,0.635242663839524,0.300220858650356,0.431576476190945,0.590515972976657,0.63965382586397,0.594654064871001,0.613922035693068,0.60142868627351,0.605146211589762,0.758658415697125,0.760536952137106,0.253915738454294,0.683497012362085,0.793697558549368,0.455838485104141
0.327138837464834,1.5383459169663,0.732270670016215,0.587294663969242,1.13656493993074,1.15581240014156,0.231974260353286,0.584455897811242,1.06171767753319,1.18441707262437,0.954282703549854,0.951928142052467,1.02342405779311,1.08688334894828,1.67473775120143,1.57706873919733,0.19823671634972,1.34932948068711,1.71233817991382,0.519564273947541
0.402957287332814,-0.42998303772101,0.317128694460128,0.410506787666735,-0.312313705796767,-0.32770137912371,0.3146754701251,0.456657847319277,-0.217769683197344,-0.350685871334885,-0.023507482798518,-0.00977348182399475,-0.0945858826734049,-0.109541041957739,-0.342430560764004,-0.378129730905399,0.335519821792176,-0.465163243082392,-0.275911877947162,0.447263612734025
0.534524142657743,-0.490506664560618,0.352332320259376,0.509669618548133,-0.334270065364879,-0.35330155134065,0.387764510495802,0.577513106336512,-0.29321689808337,-0.429612457998316,-0.0369442420351665,0.00360624914095311,-0.0546976979678478,-0.237589197245802,-0.420025570809573,-0.465554252751012,0.340114150673508,-0.533529474985786,-0.347017581575715,0.536419603462321
0.538697765568347,1.19115916013506,0.794298753115885,0.722520793361571,1.01530455824522,1.01982738489133,0.483026310557713,0.693306102098642,1.03685118889991,1.0995423710398,0.91154034368872,0.969029420103959,0.936522203898244,0.989411473444972,1.28126491656688,1.2017659852101,0.445274706284404,1.10952011535863,1.26062252044731,0.697559036478737
-0.366054737935712,-0.830176351902552,-0.575386048677764,-0.504575541579181,-0.727461455465073,-0.706487960053601,-0.343116158430911,-0.53291868156409,-0.702318282117713,-0.737117872990013,-0.662168621112676,-0.666910179799845,-0.673494945179516,-0.722668695444607,-0.883424488121748,-0.861486723782242,-0.310018629121687,-0.771337507371305,-0.880583742504656,-0.494507047257287
0.767141189705325,17.3369479344303,4.02330318669606,2.88882366513451,9.63294386479927,9.70648925122394,0.405397597068827,2.3171449166413,8.86985184875545,10.5510523865162,6.9605270307004,6.77208316206029,7.56411574444757,8.24857213671641,20.0406159403746,18.3607773282847,0.321221867063188,13.2106407758854,21.439328606417,2.09456550096162
-0.187307567043254,-0.0635351358068989,-0.0927917226716955,-0.124204259182651,-0.0512786921613693,-0.0816588236315898,-0.266066696163582,-0.120519866268324,-0.0589757625094233,-0.0575679056881235,-0.0714978684359532,-0.0736455920259858,-0.0404677811703765,-0.0615549866646009,-0.0478263796319564,-0.0370465765997125,-0.30719189519673,-0.051167060732144,-0.0288972817468587,-0.112171646901027
0.103616503773128,0.227157858440358,0.16431098395011,0.150138786267737,0.207450091063096,0.197007889081899,0.0928908633193315,0.146534912432407,0.192652465844769,0.210410500650199,0.181796122306864,0.179416024258075,0.194018215094328,0.190656786555074,0.236873610358731,0.231443980015456,0.0781148892054111,0.225355784676157,0.247600537633092,0.132983299544633
0.430178641436212,0.0826003486865734,0.166878319522637,0.19269500132401,0.160004176763815,0.180739062026198,0.547208814335085,0.245972496510267,0.149077430856537,0.126938593137504,0.114560133442136,0.142030149214599,0.143128280202197,0.106011382418046,0.0863386926643664,0.0750282752824949,0.609387683602438,0.10111782548109,0.0652977178993082,0.221296019026611
0.260767741548331,0.0808850253869017,0.123947395220059,0.15574456242534,0.0723649305359042,0.105978811749473,0.382962069736059,0.13869786063774,0.070194361479539,0.092790452511627,0.0816110029478721,0.077312376929818,0.0826501224359782,0.0731825313996157,0.0452968798257751,0.0475587256457685,0.424174987156232,0.0729002742299806,0.0558997660885945,0.174608801530596
-0.598471976903132,-2.84973617077327,-1.33129976195033,-1.12182624358878,-2.14594481630317,-2.17238724908985,-0.390887846326323,-1.04879592709422,-2.03980914022129,-2.19395154719332,-1.75929220248725,-1.79736362726438,-1.87177472287713,-1.97179789148415,-3.0293405720401,-2.8769980297131,-0.390344877168725,-2.48857324239802,-3.15132698624803,-0.977700607380562
0.829104580534403,1.91433857975591,1.40754806856627,1.24931981115416,1.67411980372144,1.72528444135041,0.827882893751848,1.16888559674808,1.67812966002684,1.73096995574728,1.54046720323131,1.58339157173303,1.56526497482303,1.64546109652437,1.95302856439354,1.99785878678214,0.721136777969781,1.77464840931376,2.12772946567163,1.17835984542758
-0.156129620711583,-0.0252965760181502,-0.0718557397972267,-0.0916491644940183,-0.0576306263591023,-0.0475679540463316,-0.207604435905369,-0.0798686802602414,-0.0267871911182831,-0.0432681089399097,-0.051454798003061,-0.0479351684571669,-0.0613593137476414,-0.0520805626935729,-0.034140617907721,-0.0367679978095493,-0.245297374831208,-0.0355229534834373,-0.0253907588209761,-0.105910682579882
-0.734087189813843,-3.62786846184852,-1.76512961013834,-1.5360898961521,-2.67478905036891,-2.72255575021202,-0.61108779177585,-1.30723541314377,-2.60748332557796,-2.88684065901705,-2.33137365886903,-2.28792455074544,-2.44699799873448,-2.49190896640396,-3.87223018823275,-3.80033217905297,-0.48252767568219,-3.16746651754645,-4.04948812940148,-1.25485789759966
-0.847592420212449,-4.27071688101346,-2.10665441947161,-1.67880305921327,-3.20857337328114,-3.18073063008948,-0.590319787350512,-1.54512120323561,-3.07177420475433,-3.43721493125441,-2.79383350031759,-2.71631524183012,-2.82600192384367,-3.04395444906774,-4.59560687675715,-4.43137119022552,-0.58398187631177,-3.71784392760457,-4.84510544897112,-1.43252334540633
-0.48418865957663,0.475996814805781,-0.359014176606319,-0.423006096691903,0.303785813484471,0.349821261035219,-0.378774264564061,-0.502268238258162,0.20224521137683,0.366790110649009,0.0898919037103282,0.0315851004696244,0.115867684096481,0.175393236704099,0.40828623292926,0.487233709819361,-0.351765447406555,0.487108484370643,0.30696186205051,-0.516268059176578
-0.174404282714845,-0.403238579861308,-0.277805717449787,-0.248504177994353,-0.354428526099442,-0.350107509066943,-0.162053760131641,-0.245385771355083,-0.32607781754621,-0.362921943379772,-0.319652326681796,-0.320517627702345,-0.328942107142714,-0.325200232867916,-0.419719469945457,-0.414866710706195,-0.165215784838253,-0.38456264489153,-0.41848181221905,-0.238328589619557
-0.301135674962292,-0.73046518526661,-0.488085849706223,-0.432789784542481,-0.612181931043807,-0.61245985946525,-0.28286139135178,-0.416329019501404,-0.629248093603329,-0.635580162214333,-0.589641654906801,-0.583067869273544,-0.601834127654187,-0.570191928661898,-0.747521332256527,-0.725373327667241,-0.277130885296301,-0.670589563931023,-0.739478173786071,-0.42968696923707
-0.665972347913546,-1.33965128656592,-0.957184006143836,-0.882955061011297,-1.16365928510549,-1.24381835787203,-0.544745024885013,-0.800262496510495,-1.16611385358279,-1.16469197989491,-1.08793991392227,-1.06318481024621,-1.12869147637758,-1.13351719171268,-1.40187521061371,-1.37063204657748,-0.494892598144755,-1.27641908928908,-1.41050294369135,-0.795645519031981
-0.208214198771589,0.236836997054235,-0.167002009481475,-0.192482994712967,0.116944084590288,0.158493910068006,-0.16759184616224,-0.218748776631168,0.0826583215519605,0.18188598814935,0.0254287674399148,0.0178112881593978,0.0527841120481353,0.103614058776722,0.174596515377869,0.220605077793409,-0.147349502869541,0.222935375326607,0.144926901723415,-0.244019848873792
0.544172030525933,1.32896171068394,0.896572725927761,0.838890806714222,1.18014778842629,1.06095067697951,0.478253569406701,0.786677478698752,1.10097115870379,1.14306815636757,1.09348425674838,1.06357971292689,1.11502551838431,1.067892614359,1.37584562546045,1.33561299547189,0.5185852599391,1.2208871342518,1.35518916215841,0.772565615557874
0.115215863519346,2.60581819071454,0.586027734964954,0.425924475269787,1.45390877937571,1.47134853375585,0.0611533922605833,0.346050894616598,1.33422291100059,1.60146161809978,1.04413553038379,1.02082296876654,1.14619905904044,1.24532229057681,3.01088796952638,2.7594888603759,0.0435442070965953,1.98350836209036,3.22791675153054,0.317832405932376
0.694334686675332,0.167097023556004,0.351899502166907,0.355429314789289,0.216247072525297,0.176006718174339,1.05706554448568,0.428989417568399,0.191210888449526,0.25931928145863,0.246712248643302,0.201052470050875,0.229221923384622,0.244425652326159,0.131352296458601,0.167572212524141,1.06528773402101,0.241206553738568,0.160576183135607,0.445322435795399
-0.903417326605562,-0.153786602225685,-0.302541619159951,-0.470912866111579,-0.203365543666548,-0.208756244976772,-1.15851638515404,-0.395983488716464,-0.218397796659321,-0.266765078336562,-0.196306698260516,-0.233333598168561,-0.259671784843583,-0.289221239930614,-0.153625087005821,-0.167988930144762,-1.30521602252752,-0.225985687734488,-0.114671757919665,-0.473697290650584
0.364901566642998,8.40182971245884,1.93267308462694,1.40640613948357,4.66681529354574,4.66724503235086,0.182838152246406,1.09969983912954,4.30220111309613,5.12400810896483,3.35689294533496,3.26391520607813,3.64595726601809,3.99407040952772,9.68000907274208,8.82966826114058,0.137509656087103,6.35441176875745,10.3352245326638,1.00218961953589
0.155996973979732,-0.167102683898834,0.102573798296866,0.129861342961606,-0.0995305510617805,-0.115845648948004,0.116550646008935,0.158459707362909,-0.0596229935769636,-0.107128823163513,-0.0108613557084374,-0.00110586077854536,-0.0294101520006688,-0.0465562287008176,-0.125843683142495,-0.139518633656457,0.127450568794006,-0.161281335230136,-0.0962787686817814,0.174651979894474
0.00588880862658839,0.12602756661719,0.0286549009082636,0.020632865146391,0.0699396285461203,0.0706415396441077,0.0031016571671732,0.0171141963836221,0.0646887521975959,0.076795171285148,0.050393723143537,0.0486412514094508,0.0549982429135174,0.0599980163063106,0.146010673507448,0.133152236659237,0.0024727264561196,0.0953777284467672,0.155552992862158,0.0151204295804591
-0.801415227708365,-1.79978954730076,-1.1860897104207,-1.17429363304942,-1.56112362233082,-1.55460225406744,-0.669586468986595,-1.10625246289377,-1.45242234839529,-1.57429204710352,-1.45490509489757,-1.48840837496262,-1.43853894926061,-1.4964162587745,-1.91134159944433,-1.79959796775186,-0.615588188054943,-1.6566748872634,-1.92040888818872,-0.996983534183328
0.590422508925578,2.59676565136779,1.25855004744045,1.07342161794537,1.93397779656667,1.96891405486005,0.432883724091666,0.963305527575142,1.91318469084579,2.09115710108748,1.66473205650828,1.65244025781948,1.74474474089403,1.81135239371061,2.77811958959005,2.69147710951957,0.346359475411219,2.33299806973502,2.93523681493114,0.975182733195799
-0.632160107955186,-3.22748849919048,-1.61696401992895,-1.35848025721116,-2.32914291026294,-2.37481904769219,-0.443835083937903,-1.15479745643785,-2.2632731457394,-2.48001754279942,-2.028284275677,-1.96839616121001,-2.11452526644387,-2.17838709472363,-3.43259592044353,-3.23914928474978,-0.449056013008035,-2.80580033387794,-3.51755449679122,-1.07601115929534
0.441075640365512,0.0888023145778605,0.19270645128811,0.242329055466298,0.122695994860846,0.103146535593486,0.587749294002774,0.238935780330861,0.188817860254296,0.117310066442347,0.185814329402594,0.185853437006805,0.131335023810715,0.127827600286112,0.0881626675219624,0.0619257851054563,0.662210008117254,0.12194462675284,0.0598742568162603,0.28264941542709
0.0319921393939508,-0.036910939064596,0.0237196378988916,0.0342824985453035,-0.0212050795125584,-0.0259237248043718,0.0313799131196928,0.0394593282626465,-0.0180274854267909,-0.029017796478845,-0.00158962180395436,0.00395815997147489,-0.00717136112292747,-0.0143409151811151,-0.0296614565244693,-0.032018404565999,0.0231307022564089,-0.0398270107143843,-0.0234563889466503,0.0413900196163628
0.300226289372007,-0.315592842653012,0.220834282592117,0.287213685372643,-0.241127488632542,-0.180680467969875,0.223423129101494,0.315399228572154,-0.165561867790438,-0.21043319751482,-0.0256219326286754,-0.0190587757470538,-0.0852573875760084,-0.115060156997626,-0.215702035484493,-0.297226660838472,0.210177021987549,-0.319864681239772,-0.194342367191927,0.291365014157024
0.66896578098611,15.3189704026488,3.53048872956149,2.49157601328526,8.52072194990215,8.52519405880969,0.399873306631477,2.04214176609196,7.80369466131759,9.32252060180895,6.09910812464214,5.99616074603109,6.65467065150718,7.24792970376192,17.6732996504099,16.1675935499766,0.258073582974506,11.6144574444533,18.9000216973611,1.88761075184509
0.271229433486744,1.25466525271569,0.595250089460703,0.499826601076783,0.930005046488028,0.932235987630175,0.194688552241343,0.443463210904088,0.884700233085229,0.970418568906481,0.796463724757367,0.760887364457008,0.809355160243434,0.872825373444908,1.31702306346872,1.29516460801691,0.142916336711572,1.08159195175735,1.40501109432317,0.433409430300952
-0.754120187011666,-0.215839048386786,-0.343415055701002,-0.386361899931945,-0.222941301113334,-0.194725635021882,-1.04066808199174,-0.397775125849754,-0.238331716078929,-0.195138463592882,-0.255031053576956,-0.178844858911228,-0.321419878289786,-0.295569869626694,-0.118684290364374,-0.124623362147093,-1.14433338778487,-0.181440919740653,-0.141219970277749,-0.45485445400919
0.503482691336585,-0.532675477103089,0.44177137116698,0.510045053947254,-0.380967945173372,-0.340805793084837,0.402481450306612,0.605714377894932,-0.224040320701341,-0.423340985409873,-0.0312490580232452,-0.026882605678499,-0.0938369594662611,-0.205954201589034,-0.434045566247085,-0.501089841656724,0.412383120905699,-0.542346299490702,-0.300569747473432,0.595910062271958
-0.402970315576165,-0.162192387947236,-0.179528506146997,-0.24488035642147,-0.178714088238554,-0.134325422203141,-0.552106538224,-0.249510176347435,-0.0991784616989048,-0.0867289241345712,-0.138144057832303,-0.118948399014488,-0.133262443183147,-0.130038451973506,-0.118820155659858,-0.0814106657964227,-0.653951040693722,-0.136180309157638,-0.114175396215825,-0.282095407344176
0.631125464419228,2.84912458147327,1.34017479717104,1.15434407053114,2.12825757864997,2.12681825664833,0.408092374594819,1.0439683628338,2.03672010701148,2.1858480731223,1.77106206119834,1.79007152882751,1.92652439345182,2.01245778871759,3.06317260688551,2.90542060500556,0.406423761720966,2.44617274271359,3.15515661710682,0.960216533082956
-0.844432346781407,-0.160675177083678,-0.368045209168492,-0.406849031004251,-0.191025914679114,-0.214385696402212,-1.09959193678227,-0.481220521947826,-0.269092876921624,-0.223167056303919,-0.28670352291799,-0.227184752788704,-0.209424287352419,-0.241903667432558,-0.108462346594,-0.117193989669196,-1.20519776081764,-0.176636989248597,-0.109604379959447,-0.388192561024805
-0.501412493749216,-1.01444425346731,-0.677270260921796,-0.653906936427273,-0.867572352430667,-0.903357779204781,-0.383815435920306,-0.636922635675759,-0.914785575307043,-0.86430372768284,-0.837667121557181,-0.816595952716125,-0.828748235789758,-0.857548256081378,-1.0845749112794,-1.01775044248059,-0.366295469098625,-0.929601660500326,-1.04353679615738,-0.587805981802383
0.966700222518386,21.4405244463821,4.84269044678062,3.48295697075425,11.8227914307,11.9555204516285,0.636490831841036,2.83541571072787,10.8740500800558,13.0170635458112,8.58673481910095,8.3539510849505,9.3493108922573,10.2214913384811,24.713788784645,22.4861810817834,0.39303749294196,16.1898286880417,26.2901030389488,2.5671259975247
0.335107651260538,0.712925212035864,0.495805970469822,0.437892471602457,0.577904052449407,0.612636833464375,0.285355050283828,0.435325088828042,0.602929607130782,0.62496456136428,0.546653401118436,0.583768256182969,0.583854383269052,0.596661734274329,0.738578631048926,0.727916557624636,0.238959950606285,0.657127658163019,0.740358818174725,0.407561066442222
-0.867731515074349,-1.82526621929422,-1.25428347248462,-1.18783351813548,-1.52199467092358,-1.52290995402943,-0.656401568196056,-1.09003537405382,-1.58076138375311,-1.56968320337924,-1.411512443982,-1.41501169037374,-1.52198874781954,-1.5291924618137,-1.790372729185,-1.79028397150068,-0.630164376726361,-1.7239119250672,-1.92777214495342,-1.05897710306843
0.0972720784124912,0.027693228287801,0.0476342373174567,0.0439858592848404,0.0323843302961314,0.0264095715640466,0.132144462434248,0.0625729858907626,0.0286112992729306,0.0257168410842945,0.0216281629043341,0.0361535396057612,0.0217793821793745,0.0243730531889118,0.0207040321548279,0.0209981310802501,0.143168234419,0.0221147695387231,0.0299247131119225,0.0555350944311229
0.238419210328346,-0.264421499922878,0.205848903673075,0.239873921809594,-0.162070609962835,-0.1740059266096,0.205794279755749,0.275021192850487,-0.143953194515181,-0.199775682079446,-0.0393996022694156,-0.0143462324978096,-0.0699509255913664,-0.112096034495115,-0.20783577387854,-0.273939503283345,0.183770313233062,-0.255149266891969,-0.156123207722752,0.254252702549347
-0.61285021854954,-0.152001365991023,-0.333190490645067,-0.342151685921757,-0.172780298869564,-0.208583663061533,-0.878808342825471,-0.37878379156999,-0.249822758051591,-0.107884185830216,-0.217313173219498,-0.213698301266379,-0.225047846873683,-0.162078249204289,-0.0779933518652818,-0.132680647389606,-1.01323256519839,-0.210995649232106,-0.0958452188160193,-0.408266722227182
-0.216893129241063,-0.0413037479125289,-0.0937319771280498,-0.111370087631709,-0.0613778479052159,-0.0816218757076436,-0.311641707448595,-0.140958736404085,-0.077424388059561,-0.0677585839753012,-0.0675749858921741,-0.0662343479164856,-0.0730980919542963,-0.0813208742088031,-0.0133204845926375,-0.0544696185887389,-0.351102924343626,-0.0625127942428059,-0.042756232697983,-0.135981065040321
-0.853346538230857,-0.173271494242596,-0.441047051074192,-0.442445466756136,-0.174840650203388,-0.263139834659297,-1.03943547612931,-0.455641518586517,-0.205965717191552,-0.262951941071641,-0.338028034335217,-0.231153142602937,-0.194749183041477,-0.234537627943907,-0.134922967630837,-0.155265392785625,-1.32625771044162,-0.173330762875174,-0.202876111390418,-0.520780283722419
-0.76684211969578,-18.2748580173286,-4.11948016310128,-3.00365246459426,-10.1772747483038,-10.2438606355886,-0.400082765786232,-2.48705333641745,-9.3254504526646,-11.1561660566498,-7.30339510284441,-7.16164966253706,-7.99924829896673,-8.69629023006516,-21.1092843992067,-19.2709801237398,-0.359508981707924,-13.8711049271423,-22.580815277972,-2.10804904807453
-0.195743044390394,0.213496710011743,-0.142660140730164,-0.17852879234891,0.135918548240924,0.134332066699648,-0.148017711131416,-0.208526681325477,0.107050074012939,0.148505025521797,0.0355690922747993,0.0269685534223372,0.0251729037525261,0.0695437246808782,0.165038628927836,0.197118766655271,-0.132977381571418,0.212659727177056,0.1350969834703,-0.233226857392489
-0.56906431775531,-12.4623315057356,-2.8637513892665,-2.03323088912334,-6.95200543957036,-7.00894985344601,-0.314538396119334,-1.70238025575311,-6.36090508447184,-7.62639749113883,-5.00879150137643,-4.85334141521508,-5.43064050177181,-5.98985761033833,-14.3962117577771,-13.1351385964289,-0.182769684491355,-9.46953046540074,-15.3764015868503,-1.47980255895958
0.545284334377124,1.22715953992814,0.839329668873054,0.759301409879266,1.02331294381493,1.07072782314346,0.474329492431172,0.678711784096625,1.04164787839383,1.04348967641351,0.931656944588345,0.916896393222758,0.983122322831675,1.00191796262717,1.24933352185953,1.19919298869643,0.477068693958184,1.14102099408505,1.27885130251776,0.717083624164962
-0.863236009516461,-4.67329415674072,-2.21779942443578,-1.8870272822038,-3.43754846845445,-3.44624957217503,-0.753820307532553,-1.69553923790506,-3.25615348152039,-3.5856828425107,-2.91803227331198,-2.91178950983007,-3.02719265217092,-3.14591248177241,-5.00421580162665,-4.78011573192813,-0.613872112530284,-3.99824697577697,-5.17131416623142,-1.61983827553818
0.136977885000933,0.318798388477734,0.212023159240593,0.18954033021644,0.275125753387353,0.267413163264143,0.120128176776303,0.180243405486906,0.264856203372228,0.278977647519752,0.246435776908354,0.254252566084263,0.244176101197022,0.263147106202624,0.318989859016396,0.31375505177491,0.115696902183613,0.290669475446282,0.346501953966611,0.177879265781038
0.817045691452019,20.4054141179352,4.6770102899361,3.39118282221512,11.3298343561374,11.4256020849135,0.455481924675269,2.61864799672766,10.4675769943753,12.5031548545396,8.20801718106624,7.93741546381874,8.92977553011292,9.73824870164247,23.5463807721334,21.5152196360423,0.470430371945558,15.5415527558277,25.1520474162293,2.43095980210275
0.346970651461997,1.75424854761302,0.836311919070944,0.72050065945806,1.29511300535268,1.27124275851076,0.2731902984722,0.637420324583802,1.22569359587855,1.32784045152171,1.08753419331472,1.06179454359111,1.15165579692565,1.15822217778964,1.87907921601505,1.78356957080028,0.231142840315641,1.50225647049468,1.94575419184794,0.579574453269264
-0.097184267766889,-2.24978087334758,-0.518952591332241,-0.36473874040795,-1.24235606580967,-1.25518030075612,-0.0454477525348465,-0.298382018614611,-1.14822164143553,-1.36688792036154,-0.905622576708914,-0.88344185210794,-0.979372399277168,-1.06904509509044,-2.59218243725391,-2.37559760481872,-0.0437187768978083,-1.70246217984778,-2.77347125887399,-0.258355091033696
0.560629546033571,-0.654976066637404,0.451831025177094,0.598876107146884,-0.391107045528261,-0.388964172371451,0.461613736232488,0.589342592831966,-0.343262583342665,-0.465390694909079,-0.0354571129214962,-0.039561909613447,-0.122342156058823,-0.238952843866434,-0.491146768259382,-0.558747411388457,0.405455565016141,-0.63974932320546,-0.339490520898219,0.573399734666302
0.869675302318553,2.02901575803672,1.32090459701307,1.26180854394589,1.75488968917731,1.76110516047956,0.811211423003862,1.23349537553005,1.62974851796106,1.73560110159034,1.5382415469758,1.63015975410786,1.6264921561156,1.68880782141095,2.09208835872581,1.99158856247556,0.80522900334703,1.92923776053072,2.15104572596687,1.08463053913894
-0.659721223898371,0.662885849210916,-0.402941230762053,-0.716551398089512,0.466570307129227,0.509210785498254,-0.492521468638546,-0.718917209638192,0.4063428649608,0.53902553539461,0.0347731766605226,-0.0203926504189277,0.187270139813281,0.298172489958028,0.509861165113436,0.714420468394098,-0.487005620501996,0.717853681857351,0.373526066228697,-0.74628201751101
0.454213221376053,0.102955360360254,0.22594995708732,0.296327547123474,0.185930825397415,0.149834074085798,0.671702430660669,0.305350289828556,0.145397158201737,0.0995205064020679,0.138460750385693,0.181007273579839,0.208197018446576,0.177023547262915,0.0693510913084343,0.143366003971524,0.803105416224136,0.152531556744901,0.134473842626108,0.352612233054321
-0.956078245133292,-1.96876689304581,-1.40450779395431,-1.26493088127604,-1.69788944151191,-1.74173195857673,-0.783569511198938,-1.25550419109655,-1.69638026658724,-1.77754990853104,-1.60967198939875,-1.59711442844191,-1.61465827557058,-1.60035518362896,-2.09072750707941,-1.97485345313378,-0.777005213692185,-1.81137454153725,-2.0753873919459,-1.15763500130902
-0.82918960641199,0.85488301732436,-0.585481002187999,-0.747971841557552,0.515350885722787,0.585684793956611,-0.687235240581302,-0.866321661089555,0.400947015387957,0.588563556163663,0.0657249560439931,0.0842136611579733,0.242829665422108,0.340595838954984,0.672086602442262,0.725999246681052,-0.568558018296508,0.817135565558277,0.561578901854616,-0.852723435774534
0.389224358320727,-0.420880462358153,0.273037374099265,0.381351280547485,-0.297321027105238,-0.251336632930931,0.287582408530414,0.465553881795508,-0.219160019418513,-0.335182951265899,-0.0727702070863431,0.0170821291949831,-0.0431668313290674,-0.140523105817001,-0.374765358636839,-0.380558918490266,0.245139301726448,-0.428603367791067,-0.268660382262186,0.491651413645061
1.03348205059766,22.9370308341662,5.19717150003239,3.73279707562947,12.7611254517288,12.8528839317108,0.511902409058338,3.07736968924463,11.6885682442881,13.9687367472653,9.18063520864873,8.95881566733993,10.042747566602,10.9178778651998,26.600565673938,24.3063590378307,0.360380099574459,17.4827970569196,28.5346495641888,2.76076698350933
-0.782798387581824,1.00021955320446,-0.597130410359756,-0.813531988853001,0.54244778450967,0.613941709370814,-0.683215780431659,-0.993646279674008,0.43661710455407,0.685966134394956,0.131131029563641,-0.00131232532929546,0.227860606499429,0.376157692882259,0.745556399612155,0.947071382261678,-0.679800899240283,0.971399299543931,0.706320550022946,-0.93619559773796
0.342697597632405,1.71799317841919,0.799845226772232,0.68371515721992,1.25961000571482,1.29634981946684,0.267079283449633,0.652206122614563,1.20016256548531,1.35573329899458,1.05676889038946,1.05515881818519,1.11898370768945,1.16917259226774,1.84212833941373,1.75799556327446,0.237457416407169,1.50418876777601,1.88571830622217,0.553648532121396
-0.0266128241444757,-0.0582507178383089,-0.0390087967784165,-0.0358713453682928,-0.0501187407108906,-0.049879344909627,-0.0205198947937519,-0.0368573899931002,-0.0481743678931536,-0.0518062482449698,-0.0475113697524208,-0.0459610346969172,-0.0450660271283227,-0.0463150226039223,-0.0604631834722737,-0.0594114301549645,-0.0206058945881207,-0.0535492831241305,-0.0604366328516444,-0.0318534301218484
-0.616991915995303,0.754505040051137,-0.454202743326078,-0.661360010636562,0.459931142611722,0.441469520530147,-0.512482600929895,-0.68090252228442,0.336334161909489,0.510485022011077,0.0595445224859594,0.0237529510419832,0.128125094422582,0.278888362175534,0.527427304298367,0.630509943626974,-0.461177628314922,0.651033655882128,0.404090350273399,-0.708422610176303
-0.355328117883641,0.375617854539799,-0.295611833255808,-0.373717484274066,0.251363253156896,0.220001456808017,-0.326706533670715,-0.36892687280417,0.126058425401452,0.326906995537659,0.0466965047976173,-0.0281234658749328,0.0673625111091025,0.139880415789619,0.321175125319659,0.383923045064176,-0.28209657310092,0.396791611162683,0.239264059894272,-0.411692613242373
0.498561991042844,-0.574698440547388,0.378245578072911,0.55517894927468,-0.429857092154208,-0.352009159652825,0.414111040089515,0.579485748394009,-0.278006361362126,-0.4482626360742,-0.0549882518463082,-0.008653383102848,-0.0962269172621783,-0.178372746383584,-0.508285509219811,-0.518368104321479,0.37286089702337,-0.574228395910205,-0.339529858754522,0.534825499453054
-0.372488330938835,-1.71974504591186,-0.817902344678926,-0.686356705719441,-1.30832131053205,-1.32881217251734,-0.284588880823979,-0.653963697724682,-1.29838979385488,-1.34495601140791,-1.13119008830912,-1.09542683367293,-1.1549491236206,-1.21247276192609,-1.85233302067119,-1.81111388791156,-0.241626949468993,-1.55359547871307,-1.90728527401327,-0.610282601982425
0.243555108568688,0.0491615909833267,0.113561551283843,0.123317395732144,0.0589259761528775,0.0576064384464151,0.301745386633503,0.125829569268215,0.0694731293249002,0.0572191412240006,0.081866391540958,0.113965694416228,0.0636137599125904,0.0727183147697712,0.0371833614184897,0.0571985712186355,0.35930803651769,0.0603556810702617,0.0532674050515353,0.161282748239511
-0.128294473710543,0.122365138594273,-0.0901963156319666,-0.122266405137805,0.0874171230327548,0.0948561552789462,-0.10097683354146,-0.127714639752469,0.0715779910748479,0.101895967903119,0.013457888269991,0.0146835037985886,0.0192904032731164,0.0424040654381343,0.0894673687796428,0.11975814270013,-0.0941855478295022,0.125778026487774,0.0851220841780875,-0.143940718315883
0.506228934635979,2.43707506649208,1.12967714767864,0.985310365127016,1.76236354492918,1.83258488463266,0.400758928055588,0.868100578990695,1.76463372766117,1.92172300316659,1.55231074529967,1.56385275919441,1.6204815394157,1.669988714364,2.6336100186451,2.52918454375843,0.323761168133742,2.13651535254333,2.71888855066301,0.836191528019107
0.880464591143449,-0.8668035310238,0.600017241514877,0.888140781629842,-0.539693152398718,-0.526311071666801,0.684973699854654,0.850908060669464,-0.414716341012935,-0.720728648017337,-0.149280901150211,-0.0210302764389351,-0.153251112663539,-0.308885781564147,-0.70318007058127,-0.905383834258946,0.546737657720751,-0.86323296024593,-0.593640815477809,0.924689988892285
-0.0717473131184851,-1.7281769141569,-0.399046960029801,-0.283898593417744,-0.961252784768119,-0.969229729825515,-0.0433059131620138,-0.235323596376117,-0.883921549075661,-1.06068680079899,-0.699704823436693,-0.669979116748047,-0.757531846409673,-0.821660402742209,-1.99455319438089,-1.82299595876807,-0.0301802466286438,-1.30600317328673,-2.13740875944795,-0.206847525131145
1.0235099203629,5.01151856001442,2.35666549442284,2.03938443162047,3.69738273507112,3.68965476600773,0.78633736484471,1.78928809159491,3.55092684744834,3.93178351940527,3.16688251855757,3.14071061678467,3.30271281131666,3.51212017326976,5.43211938499519,5.14458275811274,0.650770732435753,4.40499327623148,5.60715046651248,1.7000413071274
-0.156372897704314,-0.661633625029339,-0.303148078089633,-0.266361173351471,-0.485444662190359,-0.486280467372607,-0.0905762884265862,-0.240633156378066,-0.467573778014901,-0.504563870329021,-0.409722009822819,-0.406330724874844,-0.433356751493401,-0.445805532033891,-0.706234856730415,-0.671757444369617,-0.102983746544331,-0.555795859443324,-0.727231471759172,-0.221513833333038
-0.141390283081663,-0.0310782537201242,-0.0838937443177536,-0.068327847721689,-0.0342649578458113,-0.0303559777626624,-0.198155610272691,-0.0820377641368645,-0.0375510449482456,-0.0363277333644214,-0.0428387264100305,-0.0468219682158793,-0.0463312976100004,-0.0505828622373593,-0.0169076641934044,-0.0209859059043768,-0.224287817047798,-0.0464022420070564,-0.0181592178770427,-0.0728642284072965
0.890403015341066,0.222844350183978,0.374679970807584,0.463414974098155,0.284680936285148,0.267756577051377,1.2735892272914,0.470415734002396,0.30709029203294,0.257186519407362,0.369671628235606,0.290947648406272,0.357578346897615,0.31497813834912,0.240218162788174,0.225182445656172,1.41641418037179,0.180100452429985,0.124395982358688,0.575491667452112
0.155490752507267,0.037624051750472,0.085466186901399,0.0750952432222901,0.0564005110171843,0.049980040825608,0.20613093734245,0.0895953769974024,0.0378764931649543,0.0346558035059331,0.0437521866266048,0.0412841612728451,0.0435831325527601,0.0409133595278649,0.0347501815369703,0.0176865517535285,0.240487615593015,0.0374491999951181,0.0319353591510624,0.0960986800399316
-0.274270566921513,-0.0712797554834341,-0.121555406523584,-0.158422792345032,-0.0795388503148621,-0.0666500103038147,-0.383506471178492,-0.17366264591243,-0.0969469284122841,-0.0793312199680805,-0.104375638894911,-0.0811303470690687,-0.0925095074911266,-0.0824602624788355,-0.0609678410987832,-0.0726759513821621,-0.475734167258812,-0.0935965429857142,-0.0392823648306172,-0.175081168798285
-0.0798745594627215,-0.173444875126891,-0.118871175863812,-0.112572297052992,-0.155050819073746,-0.146992705068337,-0.0653007293333796,-0.10273654219544,-0.149676401458559,-0.152561117280666,-0.137596140547671,-0.136140009864682,-0.137001890107235,-0.143579423898165,-0.182362639771229,-0.176155994723009,-0.0671629349596372,-0.172170607252454,-0.186646800759679,-0.0951609771640745
0.517356803478404,12.2824009172211,2.82082901028895,2.01053831569207,6.82744256572212,6.87658371817152,0.301056450862661,1.61452219918266,6.2776418052256,7.53018469438621,4.96536537957902,4.83042463662369,5.38259614657652,5.83319488544793,14.19912912977,12.9391839545384,0.249754017114728,9.29088541850997,15.139686942777,1.44668905728601
-1.07434327485602,-25.3412231098392,-5.74566565226377,-4.11121763528771,-14.1219367808733,-14.2241069968384,-0.667541989561587,-3.43285574558266,-12.9358582346346,-15.4922046164244,-10.1055756466904,-9.89648049498826,-11.1410068795769,-12.1017830108949,-29.2496305916246,-26.7311267307045,-0.426062992837485,-19.2519145120514,-31.3127608893404,-3.09541810670988
0.677769975618845,3.18059655273737,1.59095296589208,1.35126301421805,2.38339098046336,2.40187214291761,0.558181655647127,1.14663403466328,2.28308469921024,2.46261738454449,2.00477818136045,1.93029647079246,2.1234553001321,2.25703897757856,3.39048538588491,3.25694339527853,0.471695590188564,2.79359861876399,3.58583642281519,1.09961014330038
-0.641891671299287,-1.39923954594424,-0.99323183487461,-0.85975214284291,-1.21639187762423,-1.23308912988149,-0.577129054377811,-0.865401729042663,-1.16008092941308,-1.24923935715407,-1.08789897729532,-1.11371172083751,-1.1788944994698,-1.1997984311211,-1.49315277774514,-1.40810337376552,-0.55191537884587,-1.26538349571172,-1.52992437133656,-0.821719872515942
0.252019107834405,6.15653035382125,1.42140184775157,1.02530814558558,3.43605653909628,3.453526284871,0.134336265010756,0.803668463377792,3.18336284660138,3.78265659782102,2.4887113053953,2.41872739238713,2.72089919068629,2.9444456272691,7.14832055416062,6.52478996717352,0.126482387259688,4.70990769224673,7.63602128481716,0.743621207429188
0.130797929673,0.563367724528149,0.268825729028002,0.232551486549905,0.425039246547958,0.416157949525837,0.0921328959887561,0.20147556474198,0.396697049107963,0.436206287479784,0.359673211891461,0.350045852306555,0.372643139158663,0.388046978423336,0.616880960854629,0.576031119201289,0.085371456102874,0.503709710468338,0.615141413608997,0.192243508198935
-0.736227725930957,0.739528626906479,-0.510573332161736,-0.724637846741658,0.445680229330926,0.484604175001839,-0.557767993319689,-0.811376527809997,0.349997941370323,0.533792711031029,0.0550174652007196,0.0251368320488017,0.254879502986302,0.321823332867809,0.585598639848289,0.693205223300436,-0.439890634663981,0.697056796673612,0.432103546402907,-0.826453661529802
0.144540356762449,-0.169537113947949,0.0997173596794271,0.151767670723168,-0.112684789900423,-0.107659229799915,0.138675510309662,0.186350995937351,-0.0857955566071281,-0.138821899910151,-0.0130647308653189,-0.0124778722250431,-0.0376550761185117,-0.0640813644680179,-0.135323480755635,-0.162713818188567,0.124755824755739,-0.176659270180263,-0.100517720461609,0.178746872568139
-0.272901820071315,-6.85928310030522,-1.58452813615585,-1.10316185209934,-3.80848129263061,-3.85655139074894,-0.168503250787386,-0.923217727561127,-3.51766575502093,-4.17956789500894,-2.75785757908056,-2.67746781060396,-2.99081740260278,-3.26242102083949,-7.9504006699833,-7.23981153498579,-0.143315646576846,-5.20629514983247,-8.46585173614037,-0.846128527190797
0.924944164315452,19.7574800698113,4.44252709460441,3.28801978684686,10.9469817434633,11.0838091996299,0.457325270675106,2.64838857092386,10.127073460638,12.0770874755508,7.97189470315476,7.70946320858152,8.69289463517782,9.47235542680015,22.834058282288,20.8899469053661,0.408884178211402,15.0519456900569,24.4535881376192,2.44524985201716
-0.923242503919691,-1.87124862859277,-1.31245173560712,-1.16183661949642,-1.55750290860198,-1.67244064344409,-0.706810216939774,-1.16549360212553,-1.58435501113178,-1.64042941087001,-1.46561681823576,-1.43631624001013,-1.49076733694694,-1.52538659787496,-1.90597809177983,-1.84124447580721,-0.644302914088321,-1.6782810956541,-1.98051006854177,-1.08948158254059
0.533271635115898,-0.579880799848588,0.339943495329023,0.567042087662843,-0.368063864657096,-0.403333232381979,0.460179114235355,0.54452358955681,-0.299337140581829,-0.487187019810591,-0.0390231971597772,-0.0380993119642241,-0.133737632522279,-0.193927967351827,-0.504060111287848,-0.521032808883032,0.368519534590971,-0.592223121704226,-0.337190917083967,0.613847231637873
0.312650966776053,-0.321992733943508,0.231084710052721,0.320567161327193,-0.21324008714242,-0.239272602620859,0.239384602042632,0.351413131894087,-0.16388341910698,-0.272996133074418,-0.0367758742220603,-0.0153519380052497,-0.0607782122194668,-0.121146468325608,-0.255880581798757,-0.291002004334667,0.218749124605589,-0.349198497783525,-0.219210328266733,0.329152964411006
0.199699136547342,0.462957927445686,0.322355265221865,0.312699008337351,0.397646394188651,0.409181080862377,0.176874646830513,0.306508892769097,0.389407199173973,0.434354565042627,0.394413265644281,0.351613897842987,0.37653229181497,0.384159961211599,0.487173397366324,0.472058761932969,0.175064166011178,0.449005560384224,0.496495889113214,0.254002975886093
-0.313155133733167,-7.77279794392103,-1.76098212919733,-1.262110156966,-4.29853226137496,-4.36331189103743,-0.169843126460444,-1.03287948272205,-3.9616312261908,-4.72125754103937,-3.10354066274715,-3.03495750865262,-3.37176090898786,-3.696837759101,-8.95914538236814,-8.1812771595256,-0.112581660849926,-5.87734718128393,-9.59297550473348,-0.953124798216755
0.161020329928406,3.77692009514032,0.849732048810985,0.625582612741251,2.09723610755588,2.11250777939181,0.0932136382334401,0.491107851844977,1.93429607031341,2.31392946693351,1.51499337523201,1.47775640484203,1.64488985205003,1.79838987055825,4.35833690021277,4.00186503619405,0.0663660488232487,2.87970572524829,4.68571425553601,0.44776253907114
-0.163881775676208,0.189681153524497,-0.125281537171521,-0.187259056647685,0.134773504682511,0.139395025280503,-0.14943914261927,-0.172206823026839,0.0978836612216167,0.153990109243652,0.0162547920541583,-0.00209924077811414,0.0338395497860352,0.0678173488067152,0.150141629249323,0.192317804895745,-0.124190853769415,0.174392835953097,0.112614328496099,-0.207240444517812
0.0702861853854324,0.335970094616266,0.162001999444066,0.134662828221867,0.239729163866124,0.252801088666911,0.0533306454272553,0.122514406609476,0.235476876867182,0.263167558231594,0.211021723446616,0.207972497014842,0.219104538180644,0.232778169715089,0.354264440303969,0.340339904631454,0.0500119664793065,0.293270765753759,0.371240616931179,0.11681622477539
-0.34325333123231,-0.799281929765483,-0.585169602654411,-0.501063513749534,-0.70976482161616,-0.717463231810137,-0.294360685456269,-0.499680089495922,-0.707806494542543,-0.734018298032943,-0.654254975473336,-0.657380234308216,-0.67246544188177,-0.669182272014896,-0.82627228939787,-0.864116348314093,-0.315388203768189,-0.745405068027637,-0.843822874980096,-0.47725497405579
0.634908188624153,2.84125080073008,1.35819121670594,1.19803039708921,2.07749884527148,2.09166661492209,0.445475397165922,0.986906627360785,2.02555916267941,2.20805616237466,1.77109484415149,1.806459106104,1.8558547835183,2.00043172536342,3.0509938273284,2.9326261606597,0.382477084480261,2.45695754944302,3.20804066210444,1.03618972982051
0.323466390008431,0.713739347898126,0.509041355913708,0.444420618345941,0.607576074182784,0.629669097532107,0.246032902895515,0.441991249976949,0.621177888643274,0.618955407594022,0.587706894548412,0.58305336086419,0.599700745003485,0.592389451954131,0.762629725635547,0.732553529042646,0.262095370892345,0.666491292727838,0.753990082354868,0.389566971443909
0.449032584504997,1.01840986401641,0.685010212098858,0.596796187324518,0.884823580708033,0.909266691988107,0.384869873760515,0.624975488764259,0.803148495564411,0.909897222156387,0.791120815702009,0.767229003866759,0.815381250158902,0.80590033965468,1.01686194358664,0.977719997920725,0.361782227506851,0.968556587768382,1.05179040975661,0.614353151964435
-0.612338161185133,-0.153549022401517,-0.247482816944449,-0.322864546088127,-0.0931916855490183,-0.188811465118986,-0.832705284842224,-0.32369841077141,-0.157802961616873,-0.119062978692708,-0.178394795173533,-0.219539302009883,-0.175195959896182,-0.190938835333253,-0.140892058208902,-0.103755042320683,-0.97380657203013,-0.156038522072059,-0.0935687889080791,-0.34427326670924
-0.696451579278974,-3.75246254783947,-1.71756925978872,-1.54430492288006,-2.83201024413294,-2.76688502613068,-0.528947513218202,-1.3238203280649,-2.65990986715213,-2.95154152037024,-2.3257005421233,-2.33282822633992,-2.50576391873757,-2.53621906914662,-4.04813424322195,-3.87221511873468,-0.518365287415318,-3.28571460909253,-4.20045190890528,-1.37569221986132
0.246705717644971,1.20838257239658,0.567911440839264,0.495921641766903,0.926903319300769,0.885153412049103,0.173802712461232,0.436361314066638,0.863651158582613,0.942922624108149,0.77004531050541,0.733911922480198,0.821420441395312,0.839529038660231,1.28712676242745,1.2353676317038,0.152276093544885,1.05138917699173,1.31070248303689,0.421735698861784
-0.149328228009599,0.162112962917443,-0.127981735268457,-0.167797915793567,0.106782662541317,0.115751277716941,-0.111011591485676,-0.180044939082092,0.0810834342845562,0.143739386218179,0.0156548903186893,-0.000239522971100392,0.0402090367994589,0.0548671749305438,0.120841364853452,0.162832373070281,-0.117894558619731,0.170415767942213,0.107679731336499,-0.177317392752792
-0.356839106654944,-8.22501620436335,-1.85039967016503,-1.35596154378844,-4.56985188294194,-4.63216280183491,-0.202204699722714,-1.08730548470258,-4.21315448511237,-5.02202392669396,-3.28259242169979,-3.25053237067406,-3.61030667427181,-3.90695717068747,-9.52355896720661,-8.65108804303815,-0.133811737640614,-6.24631689775714,-10.1461918126998,-0.963353599172077
-0.774973783756419,-17.8677692320241,-4.03559577443419,-2.91455586444176,-9.97432176557574,-9.92778502262171,-0.402142934263933,-2.43640566334869,-9.17227727382185,-10.9357784295296,-7.21823519529359,-7.04921703268438,-7.80245371042954,-8.48094877249689,-20.6479473579741,-18.8554321989643,-0.292696747915539,-13.6125239552123,-22.1108416837095,-2.15123727373227
-0.0310388344682991,0.0313114082949267,-0.0209171028821705,-0.0281275706265825,0.0227194637152514,0.0204991252342144,-0.0259916197503458,-0.0330385736786902,0.0168074055084998,0.0251429222611091,0.00361317889717878,0.00166130858620283,0.00877559170053873,0.0133377372311057,0.0255440262698156,0.0284981643111955,-0.0220482351059625,0.0312713423532108,0.0178132063026125,-0.0325452216267002
-0.0542025535194536,-0.299071155175336,-0.145099068866442,-0.124266978453064,-0.220069910599551,-0.227965004103438,-0.0419833915834825,-0.107958683234535,-0.212744408379443,-0.232399019072704,-0.18528437364801,-0.187523617585068,-0.195417773838045,-0.207977183175385,-0.320995354423108,-0.309790215147038,-0.0405655471838576,-0.263771982650854,-0.329063958486935,-0.103979775431165
1.14262425472323,5.10337082287448,2.29967381720089,2.21100724012644,3.8255809695985,3.76585235432909,0.738704661179111,1.90979769722398,3.71570644471536,3.86864421915563,3.14943670564133,3.23183093643271,3.38602468741605,3.59251177038638,5.46029302388925,5.26485969868035,0.733128961352105,4.4020398127076,5.53057997392745,1.71593856150111
0.322415851655651,7.2090356442845,1.6412800727135,1.17140268475074,4.00330940399271,4.01669095035566,0.183611413763475,0.967026466747052,3.6628428639198,4.40260930911185,2.87754125121361,2.79506233345893,3.1488258638912,3.43431457352984,8.32866662411452,7.61050591417942,0.113979777890841,5.50047431675777,8.89136790071953,0.866158254647703
0.0890448410691256,0.456632130874771,0.21413580981167,0.17577045411834,0.341608216129806,0.343222772624289,0.0748771558886375,0.169912271395623,0.317889559768448,0.355580193186362,0.288284382365482,0.281815828660805,0.295511992458798,0.315106567663561,0.489922960748004,0.461956587799736,0.0641790436178825,0.389545924154968,0.502439274020171,0.165206405572459
0.24930487651737,-0.294780964510352,0.220511738805947,0.26483594737837,-0.164332400125748,-0.165368910016291,0.187758418852466,0.312265574632478,-0.137620210162968,-0.208471036564728,-0.00911412586645419,0.0111575709671678,-0.0650558961137462,-0.116450152857696,-0.201416025699917,-0.27718368723019,0.20554121298317,-0.272979445905188,-0.148821981843888,0.292371057713603
