"landX","landY","parachuteSize","weight","state"
6647.30713411971,8568.471828673,9.45491598336957,68.537437543273,0
10360.6728940666,5178.26756111581,17.3317503302824,96.5340671944432,1
10359.6708185417,5595.12536103785,9.75059602200054,92.4861326231621,0
8150.17576388577,4186.24803064337,16.9005687294994,76.0538262897171,1
6770.71791055737,8075.54900538675,11.0894066914916,79.3556839926168,0
10623.1835107096,7102.88485674227,12.961555441143,96.1060889530927,0
7482.37458161027,2328.14048030463,16.4264186015353,88.3249972015619,1
14450.4253976301,9849.43177222792,19.5165561074391,52.7592568192631,1
10970.8882880721,6290.10961636401,14.2078071672004,58.1548650050536,1
9692.56972298949,5185.14510757561,16.0060168728232,90.0594985461794,1
7950.68648295922,8008.70215243506,11.4810222766828,81.3419181969948,0
13602.0926310363,7970.47644799065,17.6510781696998,53.3425065688789,1
9928.48483338487,5859.70997199332,11.6620891182683,92.3991825780831,0
6964.54252637993,5379.96735798915,16.4204773423262,78.9764855289832,1
12802.4870353741,6576.45283786242,15.9207643668633,88.6231136275455,1
12590.3848645733,4760.2310865612,18.0849582818337,84.3974867137149,1
12577.0787536594,4389.05326153352,12.6764792143367,91.9153403956443,0
NA,NA,13.5660041454248,83.1117191701196,NA
8722.41488217817,7373.79035169455,9.35162570653483,99.4981357711367,0
NA,NA,15.783589188708,80.0887988763861,NA
6305.45261856953,6687.43936382738,19.0485997386277,59.6443777089007,1
8840.27085798144,4230.22441252726,10.7493100306019,75.4041436361149,0
14295.7023534431,9332.92389368089,14.048744946951,94.1390825784765,0
12196.2129631005,5637.8033182156,17.817565638572,66.5927870897576,1
NA,NA,14.4905533867422,60.1869363454171,NA
6494.08134687688,5039.11194907074,19.3636050599162,95.6920995144174,1
10996.199886033,4565.09943109382,19.0339100167621,85.0711299804971,1
11638.2701763751,2944.34417058584,13.3972168548498,82.7136656153016,0
10786.9466646303,11987.5655695038,9.06968683423474,79.5345120714046,0
13867.3993099996,4145.36207040924,13.7931653819978,80.955449771136,0
9940.96912093181,7364.38513744861,19.4480474987067,78.2601217273623,1
9311.49656838412,8129.1975570683,19.8809906495735,93.6652140924707,1
12710.1249840698,4602.71420929969,13.0261280816048,52.8584510670044,1
11302.9446783888,5753.00438731324,19.99786526151,64.7917537949979,1
7483.14633993714,6131.71760014813,19.8624836732633,98.1510890647769,1
13610.6644678193,6706.73037018795,14.2739715031348,52.2467095521279,1
9115.64423234542,4781.70334297431,14.308269172674,74.8726326739416,1
13278.9502298279,8109.40237547463,9.1504334344063,69.6714976802468,0
13633.3566564217,10066.3740986865,18.5496714392211,58.0618459614925,1
10762.3922805009,8067.08561478493,9.47929586470127,63.8103375211358,0
8391.16742864493,8425.7953327831,19.7030967853498,88.7838922906667,1
9389.45871006305,8551.06165008638,12.8642305238172,71.7369825346395,0
9124.38639583217,4561.7787261149,14.6053555291146,59.084696485661,1
8794.71640486476,5693.35264201468,11.6013492885977,75.4329681163654,0
10825.8441747666,11992.4518395739,13.7143807562534,86.5690228063613,0
5663.74255088594,2688.0999211414,9.89639323484153,73.4015244524926,0
11819.5658472038,11241.1287522423,12.1904712342657,65.9137590788305,0
11620.2225422231,4843.83795985049,18.1073032270651,68.367089855019,1
8315.80169658422,9077.67803397648,16.5894906506874,83.5149710299447,1
13973.7833598073,5503.99631177313,19.8239186243154,69.8164419969544,1
12441.8808264152,3820.82151847084,17.8235703166574,97.7043475024402,1
10558.8197247666,6032.4095205419,12.0841530992184,99.6065759216435,0
14743.3872246546,4231.97671620435,15.5675239223056,97.1117038512602,1
NA,NA,9.35504846391268,97.9887026012875,NA
14628.9355707936,4147.52167976133,12.1665733640548,59.7578553017229,1
7683.1690049059,10487.4551012004,16.5428140349686,96.0166495293379,1
6344.74911600816,6451.5989252962,13.1255038627423,71.4777641114779,0
7510.23196451871,7325.24892875346,11.9581509404816,95.0965689844452,0
4166.56526296438,4914.43463057614,9.67353583290242,79.8237381852232,0
7276.33024769465,4096.80299530153,15.1760500422679,93.3913647313602,1
9965.09625101745,9788.38963944861,15.5356066427194,50.8009200100787,1
11492.2671578953,10382.1283621544,15.2313722730614,77.1662570303306,1
6663.89846268221,6239.69143136333,18.5181682263501,86.3051574327983,1
8369.19236252482,6671.70456141107,14.2681002500467,73.4952709521167,1
11387.5368384915,10466.3188414653,12.5646080961451,98.7958068493754,0
NA,NA,18.2882283916697,55.5625159060583,NA
18242.3542016933,9009.50570908207,16.7730552488938,68.9944567391649,1
10992.0348050728,7623.22397918703,15.9709391065408,90.7553558354266,1
6172.09194625436,8506.68445080492,9.39541605906561,89.4686572020873,0
NA,NA,11.536955638323,56.1265983153135,NA
15072.3141302055,8436.40285568968,14.9399155494757,95.774156099651,0
7086.29946308325,9844.8705801998,17.745224528946,71.0222237044945,1
8486.07573147739,5977.16535368779,9.71017832332291,65.3968074708246,0
8715.66864347997,8105.57337690931,13.6916799820028,78.0814322642982,0
16871.747856186,7858.42738379036,18.1974588199519,85.0969145190902,1
5642.94011416641,8036.95922515709,18.6836028809194,74.7844566707499,1
7303.48764880912,3051.83531402996,16.7442418369465,78.1441399478354,1
7469.29700659696,4116.86556769054,9.78813087660819,64.8390221293084,0
11351.6494125376,3991.22811043979,12.5793701317161,73.986153898295,0
8926.86139006398,6378.16615309816,11.1612818457652,59.8787401919253,0
16901.9903342378,8982.51236886634,18.211642340757,92.9925002623349,1
12527.861021742,6205.23135785741,12.1196283462923,70.0518315657973,0
NA,NA,13.6740973303095,68.1192565127276,NA
6261.94412534628,9139.4424640546,18.5272438128013,99.1748449858278,1
6534.98077914418,5235.72183632826,12.7663303110749,55.3147901780903,1
NA,NA,9.06822675815783,66.8864200706594,NA
6304.67975580912,1103.05353893192,13.6136796788778,65.1142338174395,1
13479.9200797408,7478.26858006316,14.691580276005,96.6287237475626,0
NA,NA,16.6274223304354,75.4379755118862,NA
7485.7936868041,10714.1848331588,16.2102933046408,99.4995790650137,1
9116.72933060332,9002.62968385267,19.7485358417034,64.0518922824413,1
12430.6404804399,9095.38408526882,16.2952052075416,94.6001094998792,1
8378.89933270347,6688.06927199037,12.1184435514733,65.1009561726823,0
14741.490902119,10668.7304528698,18.3450490746181,87.0999705046415,1
11641.7058993446,11260.4435173376,17.3156924438663,70.4959781956859,1
11218.9926345587,7428.3315902057,18.6162758630235,55.4056269698776,1
7310.46997431536,5240.22097920243,13.9190905503929,89.5626927725971,0
12074.5174358854,5136.45403147427,9.3638404966332,93.1183222797699,0
13028.9062485912,5610.04293294446,10.3494768245146,84.4548015156761,0
5215.09248206831,3696.57059199985,15.2293106012512,80.0182577921078,1
8037.13647343486,8039.39103042948,10.4707739772275,65.1611157110892,0
9555.09251791876,8608.79552688323,16.0523463545833,83.7773253093474,1
7257.07125915708,5315.09106239281,13.7918856483884,70.9460222744383,1
7583.68804278961,6133.41720792321,17.405239702668,87.1960479067639,1
9380.23989881237,6898.06842464943,12.3265204033814,91.5214109001681,0
NA,NA,10.1537259339821,97.9569136397913,NA
11041.8581866743,5625.72288830021,10.2338728311006,73.8775913254358,0
9187.36352894667,4819.86511331391,10.9352542581037,95.6006242660806,0
12212.9579212592,8379.78122732246,19.2525951112621,50.7303173653781,1
8632.28124024337,4012.26813373051,13.5629138441291,82.1521674282849,0
7761.16522118123,5115.15734145919,9.19965384830721,67.9168912232853,0
10042.8227628168,4779.33149094124,11.0591073692776,98.9186486927792,0
8892.02014003249,9925.89666797763,19.0037623753306,96.6309025883675,1
7308.79990021906,6254.32574027179,10.5975881777704,58.857561473269,0
8872.33777553538,10737.1446845682,15.2326331464574,50.4579241271131,1
10548.3294520661,11543.0413009742,16.4075045401696,84.930168685969,1
NA,NA,19.0086885432247,55.5236931308173,NA
9887.7960623868,5049.99907762991,17.3001160204876,96.2628264096566,1
9177.96854380195,12045.0689293284,12.9680323416833,55.3909739363007,1
12343.9643829655,4812.8052537001,16.8326154085808,52.2467726375908,1
11019.1322513477,4039.22571129747,9.47489769314416,84.6106790821068,0
12992.9937530688,6533.81925778853,12.4080862831324,57.2290966287255,1
7620.04080893172,7843.88124776189,14.9020866071805,73.3977870317176,1
10278.6404311795,8063.87351650319,14.059060607804,66.6576061863452,1
NA,NA,16.0430489967111,90.3238917584531,NA
6522.99154322739,6263.22556570698,9.70737070241012,93.31928252941,0
14529.8122651185,5298.59278257979,18.5893323039636,96.2588302092627,1
7719.01168465678,9363.62640137161,17.1409366077278,98.2740481966175,1
12236.2712300896,6249.18902825028,11.3582837032154,70.9582293755375,0
8409.4035128961,8117.71575499034,13.6009258411359,97.8759810212068,0
8108.92466892362,2236.02468472438,11.8891080862377,86.5982672781684,0
14213.7250373826,4800.60232845679,14.6851200971287,76.2466688524,1
11355.4956080802,5263.09068044727,19.9100629899185,92.976082675159,1
13972.0684512818,10774.2993750262,14.5209214882925,91.5323926485144,0
12527.7866362985,3135.36464294787,9.48815359571017,84.8157666157931,0
12800.2493421506,11011.850635662,18.1399236693978,71.7371143982746,1
7698.48389552138,8217.38729499209,9.99245020747185,98.2795754447579,0
9395.13489830294,2741.56992014422,17.8634033384733,59.5758424606174,1
NA,NA,14.1373811401427,75.2622185274959,NA
7072.7028560719,7479.54319814668,18.8989889465738,56.7159999161959,1
11091.681808165,9825.45410383413,18.7976420964114,74.8949993867427,1
12481.9251869095,10207.3280188826,10.4607028050814,58.4858680609614,0
7411.75124175947,6700.14664317705,10.1513868269976,70.5383278429508,0
10353.3670279681,11218.2427788012,14.0375671407674,83.5648123174906,0
7393.68883162913,1666.30876987638,11.1797443351243,92.8552408586256,0
10522.5356223785,5716.4527039905,13.0640111919492,65.7254402525723,1
8872.28110063144,7579.92449598041,16.1254347348586,95.8957973867655,1
8545.20667808513,5755.86867000965,14.6938389581628,90.336935815867,1
9792.37525082453,4535.97029649626,13.9527092343196,72.6060865796171,1
17594.4305227571,8001.71441653712,10.766508711502,89.8650287883356,0
11309.667277003,9352.66799493933,15.8619759648573,91.484124911949,1
10357.0533159213,6170.43405401053,10.7475415321533,71.8759080511518,0
14939.6836189718,5650.33275617095,13.3702109167352,50.3233407856897,1
12182.028321156,3551.77636774705,13.9465064113028,62.0544860837981,1
10865.5551317948,3383.53201533705,14.3873644131236,80.9670460294001,1
NA,NA,11.8635080305394,56.3252477208152,NA
11559.2640151238,8024.29762739615,19.5627687859815,90.1959642302245,1
11647.2077440871,6650.82109250118,17.2257589707151,73.6138374311849,1
NA,NA,16.6121218388434,94.0283097559586,NA
13314.0032888838,6536.09807977973,9.35367099987343,67.6639945711941,0
16517.9183128906,6493.7491963383,10.2983594583347,73.0562178883702,0
8894.81252198595,6887.78133980925,15.0207995213568,56.0707859462127,1
11730.8921323885,2451.85833830133,18.0650965818204,72.337463113945,1
10014.7249967885,6501.27292403609,16.1354615532327,52.1091946051456,1
NA,NA,9.40539965056814,54.9877863842994,NA
8031.94661513861,8256.12709879308,11.4070584229194,75.3854720969684,0
8899.1810466989,8122.8091254853,13.9322670858819,99.5266189798713,0
NA,NA,18.2936821819749,76.0279544396326,NA
8746.05607637672,9119.66966916818,17.0149494751822,91.3839220651425,1
10734.1132709569,10984.1516830102,14.3568921757396,58.5568972863257,1
9968.64282794084,7036.24686749197,11.5743736589793,75.3217504709028,0
9130.2650580363,6253.91321315393,13.9665281618945,95.2884941594675,0
5610.68144952624,9210.3895512906,17.5245902144816,90.318930381909,1
9440.48006696981,8614.47997580576,13.9920220072381,57.0486195618287,1
8123.66617683389,4824.93230854427,12.3394357848447,82.6360621256754,0
9447.66629456574,4800.27729403861,9.05314649874344,69.5609864429571,0
7021.05248995284,7419.37009406531,14.5713295680471,68.1741603300907,1
11252.2723527,2045.04263232713,16.1763979692478,83.8800790836103,1
12746.1839117637,8353.78584969717,9.64787469408475,88.3830181905068,0
11702.6005693856,5022.5074688437,12.5317556608934,90.2256964589469,0
10422.58035008,7708.60099978407,9.14570912253112,98.7531962804496,0
12024.7616969956,9968.01283336459,15.9042110054288,66.4502465981059,1
14837.0486254629,7737.97658270641,12.4524748455733,70.8457792759873,0
9544.1446126517,1630.55805120385,18.0065450312104,76.2035883381031,1
8429.93243375212,5012.76230729558,16.788580508437,55.7980944402516,1
15530.5929025362,7104.02167080203,19.335701968288,54.5922048855573,1
12150.5759872083,7485.33795663584,10.9686879075598,56.0275885160081,0
10595.1404533453,7830.44298038137,18.2512468143832,64.1747954417951,1
11110.7163940006,8104.28296914419,16.7646759408526,62.4387945164926,1
6896.68901052072,6393.75066479248,19.4886431067716,62.3708004481159,1
7047.79311171661,8667.34474007802,19.3006727432366,60.3317443048581,1
11078.3444531742,6155.0766744871,11.7055100011639,53.2157796784304,1
7052.43756518207,6304.40404132657,14.2871185650583,82.7699768939056,1
10250.9109005867,5082.75096277757,17.5312964443583,53.5585396806709,1
8361.03971225346,8007.67973687018,14.8746141451411,75.265917298384,1
16080.5090898856,6565.60995807509,13.4863510739524,57.8829221776687,1
12002.7181451738,7602.1421742867,19.1213915725239,98.6463524750434,1
10310.0057898455,8483.2721113563,14.3302819640376,82.7956716530025,1
9179.65092858766,7558.14681445803,10.1478151087649,75.3737464081496,0
11305.6687188423,10965.9705420841,19.0161126649473,75.365397031419,1
11836.179933454,5168.51023053795,14.0120991654694,99.1839892696589,0
13146.6993280685,5722.30686433707,18.0429146196693,80.6318237562664,1
6116.51104329424,5991.2574761896,16.7022694640327,75.172477774322,1
17440.8423894747,7819.95667032936,19.3733619344421,97.1904828445986,1
5331.94812757503,9704.53708233537,15.7690812179353,98.0761546874419,1
11932.8595808059,10702.1859645612,18.4837349599693,81.0015104245394,1
7147.68988907567,1785.71525671053,13.0678957838099,82.4051174451597,0
6897.50104927734,9093.83127982748,13.6500837376807,60.7502539060079,1
10150.4101469174,3925.2779073876,11.2792391271796,62.0512920431793,0
NA,NA,11.5848936063703,51.5932614682242,NA
10419.5198695905,5713.90851493016,9.30424470128492,51.603976613842,0
8094.51538554296,3353.02747535876,10.4741986810695,78.5931074875407,0
16572.7451374157,7304.37645429144,9.28534896229394,73.602715425659,0
9082.60009943451,6587.47269025519,10.8987530732993,51.5608557849191,0
12588.6917288118,7533.85465154798,18.4772018552758,76.7349832109176,1
NA,NA,18.9587247746531,97.052836639341,NA
12729.2143369852,5155.21996822264,14.5875229565427,50.0692251138389,1
6947.47314701304,9020.63478791489,11.7409962201491,74.311526666861,0
3859.15892477918,7452.02693877078,15.2985112369061,51.1717810528353,1
12946.3420001187,10122.1705805317,9.72446876391768,71.3175936951302,0
12795.8799542861,11121.356648221,16.1669316915795,88.1424841587432,1
15429.5304694564,6522.23365902716,17.7135828558821,59.7482919925824,1
8560.20631298811,7287.21843924932,18.8891954452265,91.8562666862272,1
6062.73096526292,5866.18825026942,12.5183089510538,74.2833189782687,0
9444.17261213805,2620.66135370752,11.8184009795077,63.0443918751553,0
16271.9338780765,7991.1543503541,16.9234920179006,75.7543287356384,1
9394.0175469449,9814.88983007259,19.1717350194231,65.8209221088327,1
12924.8945843515,6230.97312209973,12.2545002452098,80.5644820327871,0
6805.85284244619,7254.46284290698,9.36541352397762,60.5517641175538,0
7602.56848727612,2030.57356124984,18.7409801399335,74.015213700477,1
10199.7040031212,5964.02723057244,15.3491090533789,53.6428408813663,1
3881.98764985725,6782.90033693191,16.5053290328942,89.505903609097,1
6691.20152511884,4752.9954843403,16.1605823792052,59.8398205009289,1
10439.0721653733,9362.9450367779,12.7998844159301,75.0501127331518,0
10890.4543468701,7369.742159622,13.4919583557639,54.5421547372825,1
11033.5867401708,8968.54120979336,15.2290120008402,96.4550888864323,0
8800.39097464773,9097.45839191729,11.2772078202106,71.2990566855296,0
9606.63360475522,9702.1379617881,10.2774364000652,61.3853733055294,0
10380.7766368738,8404.14552422257,13.4921543160453,87.5703906873241,0
4184.26151196057,5203.3554652687,19.4940446652472,72.4704614025541,1
13424.1986579164,5448.57613670532,19.9079541163519,89.0608677640557,1
9010.52239444709,7431.73003582437,19.1233650592621,66.1447658552788,1
13614.8725981417,8276.48492920879,9.85437421337701,65.3776851249859,0
10166.1839792533,7477.19175770186,19.2338730557822,70.288643182721,1
10787.0902433982,8011.98707707529,11.6603716812097,67.4816224374808,0
9898.54503789652,9358.38166846049,17.7772225816734,77.3172141634859,1
9574.08939734539,9298.52689230382,19.1026560249738,70.7266028155573,1
8889.15595199786,8566.85435355155,9.67857738258317,73.1548784300685,0
7085.99696530562,5726.5464464093,10.442474844167,69.9576965649612,0
13012.4009132696,8394.47217254855,18.1305216737092,61.6604965995066,1
10295.0875555799,8829.20870924641,11.5413571752142,77.2671524668112,0
13578.6313465216,5474.47362336044,15.9300345177762,71.3982950663194,1
11342.5973582262,3238.31984076314,13.3629985677544,77.9508276144043,0
7192.21807875058,9150.08761248663,15.5394474903587,60.6638293829747,1
10996.3666619171,7550.42276330598,19.4584838864394,85.7562358840369,1
9712.82442938869,6518.0840616579,19.2025537299924,85.6960450764745,1
11464.1143692505,8491.59243005295,19.7760016191751,83.7941917125136,1
9984.08552492244,10600.4662800409,15.8374934203457,81.9888132857159,1
7302.16555898224,5262.51344472211,15.5687271829229,75.5837854696438,1
11678.2868574623,6700.2673864403,16.4369350529741,98.5497003188357,1
6706.84628270583,6880.59144152488,15.4642903055064,51.0675821686164,1
4524.43599253559,4538.50013509048,16.0847252483945,95.405807485804,1
7981.90689935094,8891.57178326677,9.4000729797408,83.9186256169342,0
9384.4537665775,8857.93104657026,10.301535283681,98.0407504015602,0
NA,NA,18.5201181070879,67.5568127189763,NA
8515.11320026434,9740.50825938609,16.2898185190279,94.9082927894779,1
8314.96173866938,8599.10300866199,13.8754174595233,96.1171713541262,0
5995.97563262763,7777.4873734786,15.7412493131123,84.8435410647653,1
13806.9736068645,6807.40080325801,17.7828749779146,92.679282266181,1
11297.9915351602,8379.63273066323,14.1210771796759,63.3123690262437,1
7376.65309000107,9770.77143321317,16.5759135815315,62.4283528304659,1
13825.0771461533,9638.77766362339,17.307513831649,67.5673927878961,1
11028.8728208134,5568.78424240082,12.1010042466223,73.7948111491278,0
13996.0812702626,8681.14037951728,10.6682894425467,77.1094401134178,0
9379.49387207135,8262.09344691094,9.90878993994556,77.2342756157741,0
6023.40155219244,7134.23656515371,15.109136414947,95.7432966213673,0
5929.4920873903,5271.12322342736,19.4438363157678,89.0160402981564,1
9590.90050771699,9448.81419094353,17.1129975218792,53.9740672917105,1
12028.6436857442,5853.43606206514,19.7721478147432,71.2155480869114,1
5426.96828896389,6672.178365051,10.22563197813,66.4704976836219,0
8043.66335825714,9302.75772358229,9.24454622226767,89.7626301157288,0
11622.9251139367,10302.8861522548,19.3590421073604,79.9185821204446,1
5788.56390572873,7529.62348450976,15.010353170801,81.4857323188335,1
11636.5468077814,9926.48797683146,9.85932532418519,84.8371828091331,0
10659.3595431962,6704.58354385066,11.5517000968102,90.326682489831,0
13264.8683305474,9554.42935426179,18.9653549490031,77.2581248893403,1
9273.68545869654,6189.93929031305,14.3871454000473,92.9298780043609,0
14414.2399783922,6340.73094672494,12.5348386194091,51.8520528450608,1
8604.56751931533,1556.39956941355,13.9017755016685,50.6105393404141,1
9347.04902030929,7655.34705112137,11.8743345076218,89.1095326747745,0
11345.0873822324,5711.6056368342,9.23525891173631,71.6141632874496,0
12861.0627694512,6721.4769127837,13.7006613442209,68.4939262224361,1
10375.2328268323,8734.52158480326,19.6465037080925,66.2881015217863,1
8686.52618897975,8502.09833076947,10.3408370590769,89.5499313366599,0
3461.93293320765,7526.09278704017,18.0547741160262,55.9934047749266,1
10122.6349013096,8877.91082639172,13.5477399085648,54.1090760962106,1
9487.3093065817,9275.67606291294,19.2865374973044,99.2648972547613,1
11289.294381542,7501.89917646467,18.4552833649796,90.9250352997333,1
12154.0521045907,10378.2298050695,15.4805183846038,77.560351556167,1
5942.44702397985,10065.3318761685,10.8749546520412,55.9705230873078,0
8949.38792269,10454.5066646203,19.8776419449132,92.9056488675997,1
13300.0864035695,9579.89549262894,11.8283728563692,68.7255912693217,0
6813.10134602907,3762.5263156461,9.08121456601657,86.3225728273392,0
NA,NA,11.5105265809689,72.5203013978899,NA
13413.9946238016,6853.33550565427,14.7825033213012,94.0891482518055,0
12063.4143307802,6427.33218616018,14.6492728500161,59.9166911910288,1
10551.2463989876,6476.8179519136,14.3784455016721,63.8110478874296,1
9887.635918823,6898.66603027827,18.9650589046068,84.8177651525475,1
10634.9914245407,8275.30713273763,16.4231384226587,76.6538649331778,1
7260.1983539241,10607.7988608098,15.7643415366765,90.9877917030826,1
9405.38292399125,11208.4503669489,14.8085636056494,93.4568190132268,0
12726.7057472528,6453.56202152803,10.4332630718127,97.3637927672826,0
7020.52448977297,7523.72359346357,18.2766640176997,51.595780684147,1
NA,NA,10.6635327041149,54.7887151362374,NA
12372.6113802696,7955.26870614905,11.9150883273687,97.4674926022999,0
NA,NA,13.8885523688514,60.8067865949124,NA
10535.2437120836,9029.31215457692,15.026860767277,79.0160528500564,1
9235.46817069259,6256.25760305164,16.2019479623996,58.2467019557953,1
11772.6444532877,3961.26808878021,14.1773953752127,95.6354573252611,0
10962.8622059325,9216.85962756788,11.7840510807,77.6729559642263,0
11175.7649519163,4654.85784274307,19.9025147913489,83.9311547810212,1
NA,NA,13.8081814055331,77.1436962881126,NA
11192.7274902781,5450.34309065579,15.1890805622097,84.5156807918102,1
7858.4477362852,8283.01458128142,14.0282663535327,72.9285351699218,1
12154.9384803436,5980.00616993884,16.4259669450112,73.397346411366,1
14340.1754562727,10444.4454146362,9.75547643261962,93.0508291115984,0
8753.03684819822,7027.94948282591,17.6945966575295,57.5720278779045,1
10974.6662114259,6456.039253171,10.751721453853,78.133138094563,0
11423.2748428305,10608.1205518533,9.90922106895596,51.7434981302358,0
8250.59886456231,5103.51967736208,10.6015853956342,87.1705676545389,0
11963.3918030172,7222.12372826156,19.7735898809042,53.8774553337134,1
NA,NA,18.5601106698159,89.5613824250177,NA
15702.3828471337,5054.536950298,16.3684672892559,66.8100029579364,1
9725.88192593275,6933.4287746894,12.0999518523458,63.4059629868716,0
12573.6197358059,6450.84997349623,9.172323908424,65.8217729767784,0
7281.88125110416,5505.59066701549,12.6121976342984,88.6154887848534,0
15487.4582511173,10134.2494094219,9.56482084747404,75.3547197207808,0
14229.5682348578,4830.2587658321,15.5431379044894,99.3618451291695,0
11796.811601037,7587.68707772945,13.7919128860813,92.8031030693091,0
12000.4312501397,8543.79074865078,14.1907319074962,54.4441926525906,1
NA,NA,11.4585468901787,85.3353871614672,NA
13070.367758078,5851.70839550945,19.6881781669799,84.5706875668839,1
10837.7027360816,7057.11381109092,17.4774976777844,98.150418268051,1
15423.5221103171,8731.97251293068,15.8965317688417,88.1682698847726,1
12508.750362287,7439.86443641417,15.3712593214586,92.5588904414326,1
10100.7714023059,5769.37983004568,13.9932698213961,99.4055921910331,0
8290.8807097337,9303.01194646735,19.6009726019111,66.4685526047833,1
6430.52193837272,9707.83931215848,17.6982402207796,71.9608478015289,1
11411.519840891,6982.18308013063,11.4408870919142,74.9593283282593,0
9351.36451529942,3781.12351459355,19.6589666954242,68.83307879325,1
11044.8744842559,6089.71167188822,12.6497041012626,75.313578278292,0
8460.90395178158,8012.1828970767,14.9253022647463,97.5524124107324,0
7550.82749166002,7526.84801672633,19.6345413257368,60.4966988437809,1
12394.8812548821,7062.21420573391,13.6296654769685,75.0553345773369,1
7842.58946430217,8307.5079708102,17.2061155205593,97.6074557751417,1
9797.67758533859,9682.47530994039,15.9993128685746,80.5451683467254,1
11145.8679724294,5957.10235492474,19.0339934995864,72.1663684700616,1
14393.1822621591,11653.0344199156,19.6144624412991,97.9305653367192,1
10828.6777603513,6527.17365809381,13.3653146885335,50.6811054074205,1
15170.0392417646,7906.70498446983,19.9000306420494,63.4092886000872,1
7325.66952527972,7120.40683996987,15.8573846733198,71.6735964640975,1
11953.6908532694,6285.9072269413,19.0933920745738,87.186786707025,1
10119.1324506366,9818.89997997767,14.1324978815392,89.0431439154781,0
NA,NA,10.9657029842492,80.9690011432394,NA
8075.90335781173,7716.29305017183,12.3576652337797,50.0607261434197,1
NA,NA,17.7037582751364,83.3978190203197,NA
8013.1609494721,2084.72099691443,13.2701533250511,55.7081500184722,1
11904.7267807424,9864.5234361742,15.2204049641732,85.8877594582736,1
3497.70169000864,6414.34086221622,14.781076888321,80.6361358962022,1
6265.8069853879,4024.99924742278,12.5737950382754,51.103564852383,1
13366.8765306725,9913.31429394113,11.270734669175,68.0575138074346,0
13939.735633629,5602.88686569082,19.4958133737091,89.1367627191357,1
NA,NA,12.1160775704775,70.158618199639,NA
9622.75244487023,7561.53211785356,14.5050403638743,56.9043541327119,1
12817.7324705707,6500.95889840047,10.6690402834211,61.5267709712498,0
8716.72335931279,9046.92819864682,10.9158726278692,67.1577471774071,0
12498.2747936265,9136.56719231976,12.0811924273148,58.7480522342958,1
10696.761560163,2505.51715396953,10.8057007831521,64.5713616977446,0
12145.1929295811,6654.4705984708,10.3952398877591,50.9414340252988,0
5928.22196036566,3744.7313675546,16.5183999317233,85.2841236745007,1
7631.60317604803,6218.60502555323,10.2420276170596,61.3235555239953,0
7020.40780414767,10098.9618877099,14.1881523046177,71.4164988254197,1
5508.61482603005,5488.50917318684,18.4111831916962,52.3871401674114,1
11878.3029540959,10371.8813900534,10.5377794904634,64.655401580967,0
13221.8299940555,9339.87155034095,11.2728077278007,55.5374064831994,0
14154.5229676589,5510.69052488198,12.5691294148564,79.3608347070403,0
11257.1206628692,3892.85569359377,11.0451707907487,62.9471034393646,0
NA,NA,17.7624450204894,65.0466377614066,NA
7863.28326795136,5270.89535305204,13.2211401045788,78.788753633853,0
15047.102682507,11791.9710731778,10.7626285196748,56.197513139341,0
12096.0237133181,12069.1588535245,10.8366985223256,57.410690409597,0
5119.24694504907,5875.64578603379,11.8671218436211,57.2075622854754,1
7175.86834870364,5715.02791885679,12.2327398206107,70.0566731975414,0
13491.7510501149,9815.99285947286,14.9654002848547,55.731279856991,1
9674.49799588433,7555.6683256882,15.0064784854185,88.9728909358382,1
9264.82187521155,1724.56672112518,19.1740450703073,70.2829626505263,1
12770.7643642926,8390.71345030285,18.4790667011403,75.214503868483,1
12088.6873451224,5343.19177682253,10.1291891394649,97.0802777563222,0
12132.2569731682,7776.33276619361,19.759386516409,58.7368990411051,1
9808.00250899552,5408.65042357476,17.2551688151434,55.9070476097986,1
12011.786308902,6848.91561314508,15.8664435918909,73.6093679093756,1
12820.5993618384,4753.96223355721,15.098797155777,94.1951409215108,0
12950.6616759815,9323.41148199926,11.7997952431906,95.0361395021901,0
10290.835917216,4320.45052402507,15.917782980483,95.1092819334008,1
11225.678399206,11024.9147055934,12.9672292920295,95.6035740091465,0
11220.0210681697,6080.81836903228,13.4964006301016,77.0578287076205,0
12154.7846524262,4906.37771118407,15.1481295528356,63.5197786497883,1
12958.9834944413,4605.74065328858,14.5102719627321,56.2643121462315,1
11852.8313775649,7929.32232929276,16.9998861679342,69.2342273076065,1
6241.06895537425,2763.4938852393,17.9540863540024,96.8955836491659,1
12215.3986006558,6526.6649962651,12.2475302387029,68.767258815933,0
10577.2791112016,8333.87705076465,14.9802685794421,56.672183109913,1
12469.7515114917,6255.9867192785,15.2370275198482,64.891828421969,1
8548.29079232977,9690.95143976776,13.4079506392591,86.5611064364202,0
13421.3030898957,11267.2678372118,12.6342114168219,69.5026803179644,0
14731.0247974623,4888.56420744566,13.507725993637,78.8702906342223,0
7659.38808679275,5556.42964668825,12.4536450828891,97.1776627004147,0
16333.0504369672,7468.66539141549,10.4065248237457,90.5348354834132,0
7433.67787051198,1759.731616689,19.2813326853793,61.0923585481942,1
8111.78862696213,7174.86274634196,14.3727517430671,58.115087391343,1
9583.14501523227,4256.19775872156,15.6512265407946,87.0702323620208,1
9476.99006385948,9250.35742957461,11.9491328387521,84.33319744654,0
11775.0758633931,3890.32975404564,19.3609071376268,76.1488159536384,1
NA,NA,14.9208856965415,64.5185840432532,NA
11216.3738368152,4794.90905270309,19.7108515677974,86.9661027216353,1
NA,NA,12.242574143922,62.2094348422252,NA
12990.7292926039,8032.04880794604,9.80208609765396,50.5053920322098,0
9609.04871772078,5412.62444516997,12.9197790771723,60.8682396356016,1
12186.1418032993,7352.79388718402,12.8625591385644,52.3694381350651,1
7702.94504576681,7190.51847287698,14.9211367110256,77.488963410724,1
8501.93330463181,6708.06429871242,16.590140754357,53.4649224136956,1
13029.4709125007,4988.39805248761,9.09659472177736,85.8998970710672,0
12749.1927861,10120.1231516158,16.4670013885479,86.2770874984562,1
13534.000145279,10025.0897085005,18.7037966938224,99.7698618564755,1
6534.85840920814,8613.47948466559,17.85623249528,53.1497163698077,1
7088.87959677165,8308.93590459743,19.84409921919,54.2611196404323,1
11792.0803507401,7297.18604507225,17.9405259911437,71.7970533994958,1
11938.4859296366,6226.267393444,10.637964063324,50.2628557384014,0
7743.72326061262,8359.4233617562,10.6939511806704,69.0365897025913,0
13703.9841016064,8042.0834036497,11.9457660908811,62.1461839764379,0
9356.25207491852,7245.23091556219,9.63205477059819,78.8318830542266,0
9556.58610750261,7573.34715477073,16.1998685649596,96.897490741685,1
NA,NA,15.7615191764198,92.5658785039559,NA
5837.81572802988,9977.71387563459,14.6913808325771,87.0089336880483,1
7219.32440023785,5924.94563102291,15.7677886146121,90.4261115007102,1
10625.8392029002,8696.82483967714,11.0663903492969,89.6363790379837,0
6389.45819507743,7665.75633066266,10.0018584087957,93.8190544606186,0
8156.60176759152,9041.81993025583,16.0258140962105,99.6323613217101,1
11088.7781137185,5091.35770911175,14.1079229901079,96.7142948880792,0
13755.9316083886,7633.33249552941,19.4927367079072,63.8163853553124,1
14278.3967338947,11254.5045550372,17.4116168930195,88.5912043740973,1
9861.15590318086,3709.81092324546,9.96586361457594,96.137099864427,0
6439.08318104452,6695.17877687024,15.3361926167272,58.7235935265198,1
11545.9549364707,6319.72276043662,17.6302372522186,97.9237967520021,1
12269.108364408,5272.23619573769,9.60988996294327,54.2019376880489,0
6695.79749459091,7328.82983999835,13.7932407280896,70.7131972187199,1
12229.4372241692,8717.44910022044,15.1965228628833,75.8625623537228,1
11910.784694601,11849.5979626581,11.038455668604,55.2197377197444,0
12500.8509562718,3524.11250860079,16.5712523325346,63.6472343234345,1
8544.88358054488,6760.21799490365,18.9330759574659,57.4595191632397,1
9019.56134857352,5884.64799905662,9.39824636396952,73.3343687723391,0
11359.6621825759,2770.11039404328,18.431458330946,78.8045262685046,1
9909.65018809186,11014.7744945522,14.8391343264375,87.0112779783085,1
9184.59467647615,5437.37991091027,14.4331113335211,58.6483868537471,1
5709.00292132481,5672.27882785023,9.4622608020436,87.8457799786702,0
13566.3196655877,4445.65365761652,13.4079202436842,57.7259332290851,1
14884.474083192,6017.15136746551,17.248441909207,66.7326785158366,1
12492.8263107495,6172.43277880909,15.1971284744795,73.529338138178,1
6727.92910378921,6371.23149357932,9.15663600387052,56.647047190927,0
7419.43695290703,2419.24374162922,12.869423429016,53.9661101647653,1
NA,NA,9.33403958706185,70.3386744484305,NA
12137.4130568608,11946.6031808308,15.6362419731449,71.5639860369265,1
8128.8718923751,6122.89366448877,15.2792570872698,99.2950738174841,0
6746.0261395434,9908.42842055299,16.8324229212012,56.6787063260563,1
12901.3173372974,4370.87511515878,17.5052212439477,55.3936059470288,1
NA,NA,19.8551136914175,89.6418610587716,NA
5022.79561186259,5863.20336778959,16.8318186977413,98.1627564760856,1
11580.6961288891,6726.45489234901,13.4075291734189,68.8175880932249,1
10926.3915139651,9892.570413738,16.3135111960582,99.5580164832063,1
14066.759743239,9490.89478376973,19.9459811856505,83.477770164609,1
13172.5468809572,5209.54267038869,12.6467197516467,97.9672704823315,0
9584.54428063758,5502.20895451448,13.4365431454498,83.4583875141107,0
8622.09323853495,2869.13086211361,10.5005978781264,90.2197439456359,0
4330.56538976115,8104.96553085137,15.5780021359678,78.8225227966905,1
16389.3624351521,10196.390928207,11.6637257309631,63.0303334328346,0
11266.9754579327,9786.012306158,11.8909565305803,99.1142375278287,0
13636.4192010584,9857.51288787358,17.3125382831786,72.626084764488,1
12699.214110269,3237.86454937823,12.4591128262691,61.9195977575146,1
NA,NA,19.6400972234551,51.0411146562546,NA
10718.4672892472,8269.81142142283,14.176452108426,86.4270678954199,0
16151.8896549651,8989.87748069815,14.7270054784603,66.5948238922283,1
11779.7758921588,3778.02116837162,15.2229206564371,96.9462937791832,1
14328.5486270669,4384.68277224307,13.0811867176089,84.2677539098077,0
10956.1717620288,9308.29349102448,14.1964036608115,50.9209700976498,1
9346.23242232401,4157.07430700452,18.0648441740777,75.5958661669865,1
12609.597381186,9472.47191622319,9.5923223963473,87.61595034739,0
6643.29984426227,4239.85751648503,13.7663385544438,81.4869700465351,0
5877.6215600435,4223.87916727095,9.22132588806562,96.5408313670196,0
NA,NA,17.0351987879258,67.9404556402005,NA
9921.33573785359,6139.10211443097,13.8450585165992,59.6051576780155,1
5941.37907460463,5527.07910951935,19.8476618351415,79.6942169894464,1
12124.1103406971,6348.50109310532,17.2075331688393,59.8751852521673,1
13894.4266961425,10303.8066323353,13.5403869557194,80.3194502717815,0
16806.5512203375,8299.72044695014,18.0334442262538,99.686193652451,1
13528.1761784967,5466.33283180436,19.1238498236053,72.3569993511774,1
4871.9115016349,6906.95306039288,13.8358020344749,66.6580760269426,1
5699.04785335658,4893.05124919502,14.6787101984955,78.8498792564496,1
5174.39852187557,9716.80474079385,15.5808904250152,52.9028534190729,1
6584.71239519627,8613.96733400027,14.8843119444791,69.8897578171454,1
13476.2942246048,4984.98421672741,13.772099837428,82.505556626711,0
17171.5547214781,6862.60590968779,16.0252891681157,52.8939981944859,1
9494.54024459047,7810.50367737295,15.0124913079198,62.9847213393077,1
9268.20370596552,6435.10503173452,9.21359828696586,71.5526633779518,0
10584.0409600523,5813.21051700321,19.3209516422357,90.0044243782759,1
18075.5295713029,8310.15409439534,19.8798038749956,65.6586851924658,1
10288.7211244576,6915.93753623423,11.5690979163628,87.9224407486618,0
11446.5467755729,6824.84413253402,19.3358250053134,84.7674151882529,1
8925.58864347221,7139.31490408765,12.6754217618145,94.737572572194,0
12036.8741113779,7454.88568567149,15.6668853559531,81.6118886112235,1
7663.03510443264,9044.05699684448,15.9426805521362,85.1869234698825,1
11604.6651051724,4353.18685078282,14.277294048341,99.4597448268905,0
14463.4956725918,5150.13000436939,18.0879056563135,74.7697525308467,1
10634.4699282795,4806.10911117314,9.67526800162159,67.9019800038077,0
6515.63243793183,4549.87618460364,14.7417946851347,56.4129751292057,1
7398.76616149722,8923.06580185961,9.4442806080915,97.6427862071432,0
NA,NA,12.4837246723473,68.702949443832,NA
4151.60188376789,8266.91464214625,13.1818017126061,94.8380586807616,0
5346.61476686662,5390.14566167577,15.993216040777,80.6227045482956,1
10842.9407476829,3545.22094775803,10.3900746530853,90.4691551579162,0
9634.04127751032,7584.38888017052,10.6040922801476,70.5665447167121,0
6244.64069694721,7257.29024024503,19.7286642428953,83.1411746330559,1
NA,NA,14.8773061512038,74.4484702125192,NA
8001.17400745667,2461.18352196803,15.9833941389807,81.3669460709207,1
11329.4351779398,8037.34018098801,15.207338526845,86.7157980799675,1
8767.23768066148,6919.52646172286,12.6409419621341,81.9104098947719,0
8821.70106956832,11606.6356190409,18.8831741428003,71.1970520671457,1
7490.62730860968,2387.61425503921,16.7765405159444,60.6332158669829,1
9124.0777866123,8015.2545756027,16.0878141231369,85.4964397614822,1
11446.4982814127,5232.20291295893,10.4634304442443,61.0044345376082,0
11124.2437240949,7981.25481064938,12.5005276883021,72.1931456821039,0
9127.4914099547,9621.85557763015,16.6247984915972,93.5218347120099,1
11780.4470429097,9866.16634361456,16.6380664904136,68.0170739535242,1
10419.4179538778,5223.85878605833,16.7497480357997,97.8770613088273,1
NA,NA,18.5524234117474,96.2577064172365,NA
7888.76460350244,6372.69973868502,17.5925679609645,63.8023420004174,1
13085.5759712333,8072.8938379633,16.1655217651278,61.7724494426511,1
6978.74235921198,5629.24707786386,18.6609307734761,69.6306801168248,1
8467.31672497484,10198.8472090292,14.7435479550622,68.0088600260206,1
6785.20973786743,6525.13750970261,11.0494358523283,67.5988101982512,0
14750.5562828026,5222.81882566415,16.1510362401605,90.6169001245871,1
9014.02403108852,9388.06397406053,15.1158112478442,53.5504569881596,1
8357.07354525036,2232.68787069703,14.3241405033041,71.1549945990555,1
9839.45371834147,5442.45917246187,13.0556840696372,94.0725522348657,0
9704.34448370502,6871.65609018732,14.4007870559581,81.5122998319566,1
NA,NA,12.4665923453867,74.5667629875243,NA
11461.3677771306,7819.71529990596,12.3899036953226,58.271045552101,1
4067.51175953979,5513.57946792309,10.9995971799362,88.5348491370678,0
6057.89308530881,7725.73791844869,12.8352721054107,62.0740969898179,1
11684.5026498816,11197.4013122381,9.24231428350322,51.6547411447391,0
8453.77080242755,4347.69357251649,13.1226542596705,75.435584585648,0
12742.0755395319,7475.81764799632,10.6567519528326,75.655717914924,0
10305.6132521101,4138.64022518474,9.94948901282623,59.5306140137836,0
9912.27475760263,6169.92447450898,11.3798126829788,62.0450923335738,0
11888.1161804486,8350.2655763066,13.9300304269418,59.7141061443835,1
8693.7450444337,2433.11141645992,19.4949305471964,74.5627135969698,1
9655.13853258746,7130.97094925573,12.7822579867207,99.2825120571069,0
10917.4599997244,2601.09820140502,14.1278365941253,84.9986968911253,0
10301.3649169429,6214.36076420117,10.6875450776424,86.0557910404168,0
13231.8815413426,7049.01873929237,12.4807841873262,92.7205451065674,0
11758.0716061553,6887.7050433106,9.13552918913774,78.0214175814763,0
6690.96497045288,4486.04010938503,17.5547951024491,78.2514114864171,1
11508.3819203291,7895.22988241202,9.23471936467104,80.6028075632639,0
13086.8164309496,8917.41481516449,19.2101405197755,55.4788191220723,1
14636.641358633,8437.66275331115,12.9784751450643,63.0943357478827,1
10519.9877748456,6477.55475157857,19.4749173712917,87.5249086529948,1
10016.0032715458,3753.50052409888,12.202708554687,59.2301391880028,1
7919.38026300848,5942.37931532826,9.16377375205047,70.0810074224137,0
9298.53919531202,6251.52030843566,13.3053228568751,63.1529187783599,1
10446.4913809531,9523.84643958983,18.9250859140884,58.7089218432084,1
15311.353157736,8118.16661433221,11.327853345545,88.9069477212615,0
8555.02160464643,5806.2662612816,19.9226072907913,88.4395143948495,1
NA,NA,12.7377970644739,82.5142216752283,NA
9994.43414955842,8042.61997306446,17.6535299615934,61.4187696366571,1
13081.2446185873,9322.99729241814,18.4175986044575,78.2363617094234,1
6888.86230152619,7029.35200923392,10.8361760016996,81.6882385523058,0
11415.2930167098,5661.23747276828,10.589693946531,96.5948638156988,0
16518.357903067,11112.4270164906,9.11935341102071,91.0736383520998,0
10497.6329751448,5745.41345537336,14.6162278198171,73.0819943943061,1
8048.77616542087,8248.44730555458,12.0933519864921,94.0218314062804,0
6993.63723850755,10464.7769094993,10.3799602182116,68.6676655779593,0
12932.122375537,12793.6447670913,15.7815382070839,96.9188862829469,1
9700.54363922802,7969.50624420358,17.04486355884,66.4790270035155,1
7429.72058318833,2124.58473474163,10.9260330146644,99.7964541544206,0
10047.0532287206,4958.15663102698,10.8236291806679,77.992282458581,0
10591.6267869615,7858.09834661594,15.5922653286252,77.3390720016323,1
11630.6114682922,4772.61369840833,15.0758602190763,51.2161519611254,1
10169.2036424769,6092.44008562208,9.94209644175135,69.2268231534399,0
5794.07357541452,7069.54894234409,12.567426256137,84.9098863895051,0
8120.48590247802,9809.5144697179,11.3368666220922,55.0333091872744,0
4391.12359060076,3879.03985511137,12.9825222436339,96.4140334981494,0
4223.80343090378,2132.86539138446,19.2708162800409,90.0958404992707,1
NA,NA,14.9187418634538,63.498321082443,NA
9470.81002365613,6222.31919119584,11.7879864624701,80.6282466743141,0
12080.3201642262,8658.49284601694,18.3782987857703,58.1360767129809,1
11033.5136934145,10014.7024994475,14.0839262779336,75.4197148489766,1
6927.6706771302,10361.4518225251,16.3071843525395,71.1794039350934,1
9592.53290879937,7040.49754867063,18.6902020501439,72.9850742267445,1
10110.3219407065,11394.4611702482,13.5060794565361,88.2707256125286,0
10099.2566674306,6611.91169445704,13.0857401785906,62.1790331206284,1
8516.3192893198,8134.52996191482,17.3109278401826,66.4085273398086,1
10313.38902883,8817.765911867,14.4953019910026,99.8093736707233,0
10821.9776880931,3437.83532715086,17.0493295954075,61.6453004884534,1
15245.3730181948,7012.78747526884,10.9456057543866,73.853197414428,0
10809.3569015094,5125.31783584489,11.9607466990128,56.1382418498397,1
8081.22641216159,4729.017164147,9.84981361450627,78.2856858801097,0
11502.8961041934,6279.57923826419,14.9502282880712,84.8315117065795,1
8470.94758250265,6017.87821262975,18.495150326984,68.7970098457299,1
11879.0780133944,5344.68403534067,9.65305347973481,68.7909571803175,0
10602.3362513456,2368.29338891249,12.8298456654884,93.6617674655281,0
13933.1381724741,7807.97165298356,10.5671744572464,63.3873517508619,0
10159.2307458928,8167.00480512823,17.7153758413624,73.0242643156089,1
14348.1658977861,7709.51619062791,19.9028205065988,95.1977028860711,1
9916.36802550244,6125.26748256547,19.0706036044285,75.963677209802,1
11637.6192654721,4807.48605909152,17.071477991296,84.1788522200659,1
NA,NA,16.4719810381066,69.0873622312211,NA
NA,NA,17.6942079102155,63.3280335925519,NA
11398.9100430731,7554.73539169828,18.9741775719449,74.6670351247303,1
8491.36254558737,7902.47444138632,10.4506073456723,99.6822722372599,0
10990.3401992647,9547.37624652764,11.2957019729074,91.0815257113427,0
10780.5716865928,6452.44695518536,12.7148678521626,72.7077039191499,0
9909.45875578485,5017.96423794994,12.1465149431024,85.9238407574594,0
13880.671225772,9064.12724095301,15.4206772400066,93.5214754077606,1
13046.3204079377,8419.34633902658,11.4406499408651,73.6999348620884,0
10820.9774396709,6558.08107334646,19.3247558579315,93.3129952871241,1
9026.9537234007,7965.42252280939,13.6069749165326,73.2122958870605,1
13044.5833311992,12151.0974169067,14.4368280172348,50.3364664036781,1
5179.1628242687,3034.87399267517,11.0230097530875,88.5051700286567,0
NA,NA,17.609962732764,90.1241979678161,NA
7327.40110525936,8109.84137802287,12.7721858106088,98.8984429626726,0
8514.99256332951,10304.2320988417,10.2568667761516,76.5219514956698,0
14048.6574881405,7953.47814380551,14.9500636556186,52.3592866840772,1
14891.0980658331,5500.48990579517,13.3416262604296,63.9778340817429,1
4897.69417460048,772.719508681213,14.8532744231634,50.0891818548553,1
10589.0313128935,4945.86330619215,16.2862532215659,60.1797222159803,1
4023.43404731056,5746.67139002484,18.1350114161614,56.470907793846,1
8816.45818138256,6421.4056664348,19.6350034060888,63.5376130812801,1
8747.58036718791,11325.8616766394,18.0696294845548,87.541153980419,1
10486.3302116919,7696.50700996771,10.9230111674406,60.5278670787811,0
9775.87832372083,7851.48800111058,17.542733596405,50.6066809175536,1
14327.1666809141,6129.89265119766,16.4791037831455,75.0245871953666,1
14795.2592073293,9203.77349848349,13.8700201320462,51.3523267349228,1
14711.7073348539,9229.88162270578,11.3855226484593,77.6269078953192,0
10015.1585283925,6371.87508185499,10.6269477957394,55.5527833523229,0
13192.6929917262,9015.53041341289,10.3704725704156,72.3701096256264,0
10486.5186049768,7003.15559880734,13.0193852889352,50.8755454909988,1
13689.5127671851,9646.77412572117,12.1719947329257,81.6020663478412,0
9520.41949674919,9317.8420011601,18.3149688397534,68.8643133151345,1
8185.81965294204,9984.60268838059,10.258041508263,59.7955826786347,0
15066.4538990866,7891.80082778396,17.0878549467307,72.3698213812895,1
8177.47408724471,7791.20129258713,15.5677943988703,51.8563990015537,1
11697.5242271591,8929.51900277881,9.6038247498218,64.2930139205419,0
15211.4406229326,9507.36484755044,19.5213051983155,96.6578993480653,1
12961.6354910578,8758.7647065105,18.0925803948194,82.3521935031749,1
5615.73263709155,5138.52767376336,11.1014270836022,56.1758043477312,0
13677.2853612205,3953.10355904305,16.2854325769003,65.175753494259,1
10026.8740269721,7953.28918134829,10.6412080226,89.0418251277879,0
8504.4060495077,7390.9838340536,11.8892196826637,76.2242714641616,0
6029.65982176665,7187.67887724407,14.4175889040343,70.1628736569546,1
10643.0633256345,8739.51196228004,14.0010771506932,65.817691013217,1
12682.3727887125,8003.0852513248,12.0622204637621,81.0339121031575,0
5220.46893058207,4868.70980196577,17.9914820082486,89.9355790694244,1
11213.6833385922,7001.82938335589,17.0332115325145,76.6457322752103,1
12643.0119093991,8555.997462508,18.2263597024139,91.9917149003595,1
13848.262334782,6999.65102920003,16.1168674239889,53.4608693094924,1
10988.8722451998,4686.1988133953,15.9757812102325,85.0348694599234,1
15117.2562624979,5366.13677770465,17.1162199138198,84.8937177797779,1
8793.32551691466,7856.74676483955,18.6237936327234,86.8072317563929,1
15484.6990446317,8774.08555050371,15.0709088572767,70.3076393692754,1
13110.2377249991,8603.28024014352,14.9944301948417,71.049840527121,1
13308.6408151334,8000.51139262934,15.6198396265972,93.3603718527593,1
10516.063866287,3414.08924542678,18.4522488426883,97.067948197946,1
8460.31820805577,7696.90688050199,10.2360063709784,77.710798534099,0
12647.0167202668,4945.4275194065,18.8338412463199,85.7776356511749,1
5875.1847686477,6387.9899651938,14.2551324549131,98.8305210252292,0
10097.831524971,7647.1944144754,18.0436603638809,52.1977278171107,1
9536.11857689305,2809.8211295871,10.2735557856504,62.1655020164326,0
11432.9267959106,6071.03498028954,16.7099954029545,76.6776495845988,1
13841.0573499513,6360.05266494054,10.7446786854416,82.4902973603457,0
7823.50194675476,5721.65717926964,12.1774997818284,95.5331255216151,0
10862.9390212158,6385.24844129634,19.3547835869249,91.9208178762347,1
12457.163429181,7023.4626695979,15.5332357289735,82.5154240126722,1
15300.7873350238,4640.4575396207,9.01462446665391,78.9942748495378,0
16469.3899996408,8583.49822129185,13.0929016172886,73.351198702585,0
14681.9777780519,4600.08841454187,13.3809196224902,78.428053483367,0
13658.048070081,4412.16154684266,15.7644441025332,66.4297055103816,1
5449.78313778076,3293.09332464725,18.6122696658131,95.4805641667917,1
8833.0042814882,5415.58866449305,14.5111022116616,54.1260038386099,1
9230.96835566442,9671.90774835827,11.9006042776164,57.1170106297359,1
5388.93424388942,7587.73545694791,9.28029386163689,63.115879369434,0
11412.8532749703,7977.309306574,19.1072997250594,84.7812054911628,1
15331.9764504214,5838.79839361731,13.1518066048156,71.8290383112617,1
10966.9900693501,9642.63773578359,18.1731948326342,70.2382095041685,1
7373.84324110661,5571.15554950404,18.77574490197,78.8916400633752,1
10752.1917749989,9358.56311644988,18.3716566432267,74.4505866779946,1
12301.8325913554,8391.97815433264,14.3454831987619,81.0690758284181,1
13942.7488909711,8808.16726567121,18.7472671936266,59.9806111189537,1
10552.668442651,11163.3804816734,18.3371676183306,74.1839152527973,1
8365.91282001082,9762.36790368052,19.6716628819704,61.959131876938,1
5449.13041699421,3729.12013572507,16.4136550929397,55.4306710837409,1
9568.06667817646,5832.92277843401,19.715345203178,58.2235456211492,1
11495.7196403628,9266.0737436798,17.431764415931,56.7924308823422,1
11890.1155910033,8528.11121054516,19.5525046014227,54.8167960019782,1
10605.6846550689,6659.93826514723,9.44214567239396,74.3659179308452,0
6819.06641486382,8125.66626343292,11.2988567124121,56.0765593778342,0
12298.2699904979,10311.8469107269,16.8028017752804,76.167527702637,1
5263.72718160896,4819.0641883421,9.43407765007578,95.4500887193717,0
8914.01265569951,3163.45301276911,10.2164181082044,67.9537078132853,0
16540.9632385716,7687.91366790807,17.539114958141,65.9054164309055,1
8917.10439072125,8055.48644657837,15.6020261268131,97.3815378383733,1
10500.8377085736,7435.99488380205,10.9694171017036,69.6408093441278,0
9365.88408791125,6659.50683375111,17.0256366648246,77.7242919080891,1
8668.23248133308,4505.1341330928,18.7119237990119,96.6341294581071,1
7386.7083966822,6872.76442619927,17.4418808049522,66.5197938214988,1
8065.28095281259,7122.93675374295,9.76050551212393,66.7925623012707,0
12743.7896316204,6014.60721643517,18.9795481970068,85.2026547072455,1
NA,NA,19.1775473868474,51.8476317753084,NA
5468.06275157924,2064.20734582748,14.2681196455378,68.1246381835081,1
7674.44269382873,7021.81315137074,18.2969965494704,61.7753579863347,1
NA,NA,15.929244893603,52.2784824715927,NA
13119.6139354181,4797.51045463969,19.9075723327696,82.7372529893182,1
6878.01092582619,6366.22688801008,16.1193902336527,90.0548507226631,1
11981.1148648175,5394.75707753272,10.3851969342213,84.1977905947715,0
8423.63150140913,9787.19958764642,14.6301121537108,73.1507037417032,1
12722.7761320522,10428.5017826459,15.4064225298353,93.8251436804421,1
7901.36545569646,3838.04149423142,16.7385927138384,92.210155306384,1
NA,NA,14.1124259480275,98.6598824616522,NA
11511.376762701,7518.64136457509,17.9614152936265,60.3184052975848,1
16725.3341979027,7683.25455553262,13.7511364873499,92.5875483080745,0
NA,NA,18.9849561480805,69.4720399915241,NA
13411.6054018943,12490.4773397866,19.5588945590425,96.5784517466091,1
13484.5646078832,8252.17378103858,12.9376630671322,90.2916069724597,0
11818.639838051,4578.77174255807,13.6258612817619,58.3790975855663,1
9258.46196992571,8817.29557894485,18.2519119288772,77.4502122425474,1
NA,NA,16.2508299835026,71.7108855256811,NA
14048.6559403079,9924.34657031501,13.6147192982025,78.0022875405848,0
7887.04916302581,7786.61421110363,17.7609338446055,96.8441475648433,1
12742.9520648942,9258.18371289373,10.9417634392157,83.6188894230872,0
12599.1339586155,2870.53572965798,10.5072068129666,55.7773081352934,0
9278.55721903979,5859.10409695464,19.7060308854561,59.3843288021162,1
14856.1699803996,6505.45019840429,18.7600986671168,88.1384952110238,1
12231.4117125444,6803.6584492207,15.2497285290156,98.0856635957025,0
9695.570491394,4592.43796777814,16.367067187326,76.0095910867676,1
6973.43076810181,7181.50284144481,13.0494512505829,75.7214611512609,0
10022.7748484582,6014.71107748522,9.26269984617829,80.9012697311118,0
8485.61310375551,3035.31326568337,19.6938957953826,87.9686639993452,1
10019.6454526317,6612.79106706837,11.6634912639856,51.1184367816895,1
12567.2878383148,8899.54258502063,19.5783447842114,75.6895961472765,1
NA,NA,11.9775903013069,80.2887493977323,NA
12652.5975454183,7568.66196779716,18.2685341925826,52.2920390008949,1
5514.54228140726,4573.34033313628,16.8860829817131,77.2942161071114,1
7056.12588076602,9700.90541258322,15.0030051122885,72.7472574915737,1
12355.0786671732,6158.48641878542,13.3124882448465,65.8215541858226,1
NA,NA,13.8289351214189,63.5751601075754,NA
9439.52901080493,7896.72185809717,9.2369661682751,83.7170846061781,0
11991.7195777491,7496.00450609578,14.1403965537902,79.9098229384981,1
7397.39155081519,6046.92326227387,19.0761540802196,67.6273328252137,1
15058.424465006,7699.20243139681,19.2973707485944,62.0005055214278,1
6093.65492045615,6582.6764895364,16.5162763649132,62.6951606012881,1
13232.7646463635,5068.41807167328,9.12900309427641,91.6714216931723,0
12306.7819029201,4111.27215532778,11.3706425495911,87.3481808579527,0
7748.12232663471,5774.14355515956,19.3041636242997,80.2376761450432,1
14127.9522873965,6931.99729984307,12.8490075501613,64.3190333503298,1
11642.2552053283,6767.61000819988,17.4994243739638,86.1746760900132,1
11327.0344776914,3684.51684729921,10.669079817133,63.5100257582963,0
11164.7952834139,4616.43628308982,14.1541314837523,72.7262550382875,1
12089.7201278755,4889.60092169303,18.3802904898766,96.993374847807,1
9638.39916288014,5810.61556846476,12.7435936834663,59.3590085860342,1
11324.392734593,2194.52303027807,19.0229262115899,68.7264080392197,1
8110.97130103404,8948.90021159624,9.44885871745646,71.6648467932828,0
11971.3298267572,8543.6447439087,10.1260574860498,54.9630896071903,0
12434.0205470483,9946.61637746406,10.4647283977829,78.6299137515016,0
9246.34037139292,8562.37404923472,16.0324791404419,88.9977197512053,1
14998.5957070549,7479.80523057593,12.2549341607373,98.2976431841962,0
11655.0982481365,6656.73843177452,14.3917903217953,81.1194007750601,1
4442.23428276234,4537.0123686801,16.0030309224967,79.6328492928296,1
9897.16995335756,10093.83007978,14.6133313223254,54.5044182334095,1
7264.01781574118,4130.976218807,16.3267270680517,90.0404281448573,1
NA,NA,11.0006598571781,59.7420994192362,NA
7414.75712320563,9139.64086439033,12.5316677831579,74.6075025759637,0
3548.38796269052,6504.16445713945,18.7763033809606,73.8491170108318,1
NA,NA,9.28702747006901,92.7206816733815,NA
6733.70541150396,3963.0631912332,9.52629610570148,96.9187199603766,0
16012.5510534388,7243.25523698295,11.6956432641018,58.0345569876954,0
8273.98965416688,11092.1406247184,19.5838774191216,83.0159274977632,1
9740.43596983498,5334.06611285583,19.774496661732,53.6293581360951,1
6875.69227633218,3966.94457687372,13.0620195057709,76.0765203740448,0
11271.1056536049,6613.83475802793,10.922527591465,64.3641466973349,0
7120.26666875789,6867.90215657545,14.9980117965024,80.7341050240211,1
5847.23795308156,5703.56334974218,9.64524682401679,81.8270457326435,0
9689.94749622487,5140.58306677203,12.9984106135089,94.9295530328527,0
13406.0061623803,7407.86114975513,19.6162715337705,70.0208748108707,1
8052.38401635221,9744.8844032764,11.0407575597055,93.6991246999241,0
9267.08921526698,5702.69639572988,18.4480038296897,95.7389687886462,1
7426.57616016761,8286.20551168923,10.907326026354,81.1036818078719,0
10667.5482281475,7556.10907348599,9.34101895196363,80.6226796121337,0
12136.2186768946,7028.32417028654,14.2687283689156,65.787502611056,1
6284.15034547319,7167.33817584279,13.5595750075299,56.2035270500928,1
10554.560441877,4818.49168561608,9.59964274079539,63.1355023826472,0
16870.2510709174,8228.03135677244,12.6006091369782,64.597119402606,1
9864.62296685278,9538.54409743273,9.14812701777555,87.8901256481186,0
7276.04525149363,9350.66815884257,16.9627890065312,69.9420667486265,1
11652.2950210069,5564.56793577367,18.8794008605182,60.4103925987147,1
5860.82431045057,3701.21299014203,9.34421210852452,95.923450787086,0
10364.9305391146,6549.7735225669,18.2618422051892,52.9731123126112,1
12463.6349786979,7882.36922313818,14.0323518896475,69.6152049931698,1
12941.4874346389,10226.0579481398,9.27720604464412,72.1439984976314,0
5985.67518476043,4664.5337732604,12.6309504311066,84.4543672865257,0
11184.2471301095,5564.95408440798,17.3491108135786,78.6617072648369,1
7419.80570693775,10431.5527896404,14.4116982964333,66.3071413058788,1
11534.4229047986,3768.62642775009,10.7638596864417,93.9486160874367,0
7463.47993822711,9731.65540200079,11.6811640139204,56.6336046671495,0
NA,NA,16.1239816737361,70.0862128287554,NA
13785.026774136,5866.28357588249,19.1910948518198,92.6545103429817,1
14847.9696771546,6430.1542334221,11.7419108918402,55.3463850868866,1
9839.53386276941,8661.76635390216,10.1499849450774,93.491876788903,0
8887.41006407507,6777.52372672582,11.0405281228013,98.3172545791604,0
13186.3174784591,7591.36505043442,14.9506203469355,51.7842776724137,1
12597.200959566,3857.74328991241,12.3665980752558,58.5830957163125,1
13472.4607707413,12613.3496986265,18.5149177336134,53.2816895633005,1
9561.39593771255,10468.4629050151,15.0426706587896,62.8057383699343,1
NA,NA,9.50545203802176,60.7437929953448,NA
13416.8472021915,6324.61237302924,18.3612385522574,75.8860851987265,1
7415.89152678048,8043.3192084152,10.7404791710433,64.0974908834323,0
8962.21882278313,8771.15960482355,15.4316750981379,71.4638340170495,1
9174.79799897453,5255.65170900239,14.6651913311798,53.3694512094371,1
9018.87026737955,8118.50725910747,10.8060180337634,72.7848426671699,0
8825.62745652163,7486.63227179722,17.4655770496465,50.9892956586555,1
13195.9714363269,8242.6609031725,9.32501499797218,54.9692357191816,0
5801.25968214689,3833.51455798715,13.9855972616933,89.7625812329352,0
9935.20114812589,9934.02488317896,13.5329289168585,94.6896972833201,0
8269.4136195374,3718.75931709623,17.9514577027876,61.4577552536502,1
11673.6217344219,5617.38524770544,18.0746988123283,83.3984389784746,1
11515.2390311602,8271.07581141744,15.5863623046316,88.3352882461622,1
11888.4302996031,9788.42994079576,10.4017023255583,56.036073283758,0
10032.4143825135,7542.67117808773,11.4376494842581,61.0890822950751,0
15512.8396704145,5612.3179705607,19.9521808943246,61.1110828118399,1
NA,NA,19.1558790376876,98.544206423685,NA
10295.8583774605,5969.17593518207,14.0585566477384,78.5591656458564,1
8734.34262733402,8646.31898946814,9.15530114178546,81.838374689687,0
15458.5445893332,12030.2460725522,14.3435851579998,77.7350537129678,1
14927.5970430688,8120.17059333222,18.1116915689781,99.5015352265909,1
10827.6465347841,7580.79119156493,12.8019431398716,50.3361614304595,1
NA,NA,9.18067139689811,98.5842669731937,NA
3585.30296186189,7004.44607462062,19.9538320286665,91.6512154508382,1
4213.29068058218,7059.53560132566,18.6690062538255,51.6851612599567,1
10493.1643287,7060.2342502722,11.5820772980805,90.1407752884552,0
11263.8634589293,6248.68777407784,14.4780187874567,98.9308604504913,0
14209.8068961815,7959.32903844682,13.7686563143507,55.5836167419329,1
10180.5909062005,6427.69202260179,11.0080810387153,63.9977796236053,0
6298.05643274432,8037.59672597917,10.4889808113221,77.3432238725945,0
17396.1648552032,8278.71581599995,12.2993219983764,67.5737737095915,0
8547.92610486969,6720.6020170875,14.8099138832185,51.4278118382208,1
10383.7829299708,6544.8764042833,16.4356566614006,77.8840003302321,1
NA,NA,12.4495692125056,77.9438270838,NA
12860.8859986594,4500.43882789203,11.5436625955626,86.584907292854,0
9721.16485942196,9582.00579469757,9.95264033065178,80.6249226094224,0
14308.4784604545,5429.28145783069,17.8622700737324,54.3359253439121,1
10690.4093962958,5335.06363499661,19.7145125954412,79.8952809302136,1
8472.12686124934,9756.84969599486,16.9094039890915,55.8042517863214,1
13651.4044812217,7925.81910948514,18.6131429059897,85.7445044908673,1
10596.3486837022,3451.15303371711,12.3760341007728,54.1414481354877,1
13501.9813230065,9082.29853963789,10.7579930485226,87.1693289489485,0
12047.5969249112,6882.20390950181,15.9419451933354,76.8751324038021,1
11751.9009751845,8617.9864159133,11.3833004368935,79.1159816319123,0
12183.0379784798,6553.13972157163,10.7711485186592,82.244715874549,0
15586.726319885,7476.1472794794,18.6514462323394,92.3717609141022,1
3553.13213063273,7479.18105172813,9.16825952730142,64.8940258193761,0
8111.71991948133,10375.0294301729,17.6831380892545,89.6835591178387,1
12490.4174293695,7002.32305637891,10.5485216446687,50.214927981142,0
11277.4497718034,7179.63293648291,13.7189125320874,50.555986748077,1
NA,NA,12.1883529305924,65.7982857548632,NA
13240.5060592901,6494.56617817199,9.542606881354,72.6880241767503,0
8009.95035836547,8981.870091281,9.39343560347334,57.5044237193651,0
11327.0496981814,9149.72550694387,10.8680460026953,76.8848149804398,0
NA,NA,13.0492256733123,83.2831087755039,NA
5752.33318978065,7985.06242143326,14.7157259387895,99.8597360332496,0
14030.0894608068,8966.5370093026,10.475875513861,65.340403013397,0
9072.46051706512,5649.42448912732,9.15015488769859,98.9179969066754,0
11679.9763485833,10235.914817988,16.7237587051932,96.9815972261131,1
9881.24094125545,5591.46627964415,10.4975027106702,68.2538612280041,0
9788.33670219425,6032.56488364976,18.3344718806911,73.1318536913022,1
12196.4319785778,8802.85509511083,10.1558825394604,66.8331699911505,0
11449.0665328037,2613.75728248136,10.4730934940744,68.350709869992,0
15023.7221650098,7952.84612165843,10.2761202496476,76.5286417794414,0
13894.7257682827,5387.37181155655,10.3577809426934,63.9229111955501,0
8360.77558786835,6634.7071316914,16.5970603884198,73.6451423726976,1
9287.71019552594,6746.33234559797,13.0006945817731,90.8815450500697,0
14243.1831149846,8881.60439335922,9.70750851463526,50.7513278862461,0
7178.22137951077,7217.01803724949,17.8120499148499,96.3904456351884,1
8248.4859818032,5771.70692181131,10.4934760448523,55.4397691041231,0
12607.0759691834,6829.10117336035,14.3820565922651,65.8307541394606,1
13297.7473806686,7979.44683365712,17.6385104523506,83.0075868754648,1
8007.75786138584,3588.62289175948,17.4667476071045,90.2110641938634,1
10898.6521893895,7542.52391147292,17.3065389783587,69.3962237332016,1
8637.50783246359,2911.2821671437,14.8272585822269,80.178043153137,1
NA,NA,11.4714941962156,61.4041032036766,NA
10170.004049491,4825.66911476001,15.3143139341846,76.3228890718892,1
6567.61201977605,1064.81723054627,19.428563589463,92.8342547733337,1
11506.1645595199,5968.17367144405,19.6756358894054,80.7784415781498,1
7794.32645786179,6259.05382771504,17.481163894292,93.5263288207352,1
13597.2287089577,4706.26755025593,17.8642613322008,79.9232841352932,1
12507.93714359,5575.4020217396,10.2655958919786,80.3884098888375,0
13939.3510535276,5801.08571949626,19.7260937679093,54.2325259768404,1
8274.926353334,4528.5711065766,17.1206295131706,75.3799805766903,1
13891.0909806097,11755.5065468183,9.31600869540125,55.8169851079583,0
8498.31228309447,6395.30742716035,15.3049341896549,99.1529230377637,0
8365.40799918985,4981.89723660566,17.8151693823747,84.1648865374736,1
11565.1348844412,6885.78585052378,9.60853504715487,91.9844207703136,0
11270.0924956968,2561.8284370696,14.7227021637373,81.5369661315344,1
9797.23806054616,7727.3456588781,15.721445830306,86.376504774671,1
NA,NA,9.26744503644295,76.0209761792794,NA
9171.97444135008,10214.2573060767,15.5881777026225,57.9160576453432,1
9909.2732175162,6760.72195102232,11.1962117883377,57.7767531736754,0
9031.96162216793,5871.88565253399,18.2927994912025,70.0267664622515,1
10575.1588047513,10213.3114054494,14.6267387622502,96.3945057825185,0
5956.65350154141,4164.72012324179,18.054749467643,91.9290383695625,1
9951.6375586764,7987.40624061542,9.54707333794795,57.7522001811303,0
6731.1583988359,7197.11277528872,13.3113882390317,83.32852703752,0
14669.9310464989,9831.90998874275,16.5828739786521,86.2307063769549,1
11280.3511371266,11341.3746645818,12.7218253193423,71.8902477063239,0
15895.6760845674,7561.60287302379,12.4923480183352,70.3415296622552,0
NA,NA,13.501287474297,78.163688222412,NA
6969.80517767652,5965.63066275952,18.2611491845455,72.6361816632561,1
7410.06060306579,7215.08458132075,9.53502025548369,60.0097417947836,0
NA,NA,14.4833537307568,96.7840205878019,NA
13048.2226344471,8278.23226593395,19.2485483328346,71.1544662131928,1
16473.1110156915,6654.1198146879,14.4493674954865,73.8626814098097,1
11684.3232567345,8583.28888903497,13.4225357975811,91.4394727442414,0
NA,NA,19.9961560124066,86.9592096307315,NA
17649.7737951099,10241.5275437189,13.0543529954739,63.2149313460104,1
9474.08424466286,2357.89304461196,17.637757739285,53.4198633395135,1
10756.287611596,8748.97081243728,19.8656334723346,84.8114334628917,1
11683.3120518078,5346.08991431252,17.8676297576167,64.5757652004249,1
11980.2933188642,9197.23107522066,15.6968279783614,80.7529259007424,1
12081.1431439078,4870.35889014013,9.18974056257866,78.7333255633712,0
11727.6594009364,6494.49758036662,12.4832528699189,62.9364975262433,1
9793.84098712647,7934.44663657382,12.7452374468558,69.8831302579492,0
7409.14552918522,5575.27871729462,18.4871233827434,60.7379828463309,1
9620.2890199962,6941.40307323621,12.6511389194056,95.2126061078161,0
10333.9771472687,7242.01148242499,14.9399637603201,85.0007731234655,1
10187.0650603712,5552.35288478478,15.7693883904722,78.5084843519144,1
7230.65528361065,6715.61525973313,9.7214376940392,80.4233751259744,0
11632.0136374286,7563.40924757282,16.7942446270026,51.0331750614569,1
13246.6149083694,10954.7542826859,12.2433577904012,94.7999853524379,0
12265.4408769828,7911.03984245698,16.1210192781873,66.1167428828776,1
7832.51181976667,10481.9768564675,17.6401379960589,59.9647933267988,1
9952.51461749762,6730.99882014173,17.4976566361729,68.1070794933476,1
8451.96006733191,6673.73582658138,16.8534339852631,89.6517371758819,1
NA,NA,10.6327602707315,65.6822569202632,NA
8816.18074582591,8438.34386382781,17.8648511057254,98.5560564440675,1
7211.19042132075,7810.65586329721,11.5841520957183,88.570140383672,0
NA,NA,9.33777433959767,64.8344114422798,NA
7746.45597225133,4109.39651024508,16.7912479275838,66.3536639534868,1
8966.35757760604,3322.97826361482,19.4568896272685,60.0763819529675,1
11999.1901677095,5998.96144024619,13.3206496103667,72.168732015416,1
10132.9067162219,7504.62676115703,13.8570160251111,96.0485544404946,0
13523.7773754445,6616.86062421942,14.3560121306218,92.6632912596688,0
7204.84572535836,6981.8230908364,15.3526078355499,67.5651034922339,1
8064.35716712895,4865.36315309093,19.3674695084337,84.5033240737393,1
16464.3248012347,9118.07067349849,16.9493822504301,57.4843587586656,1
8992.99436098573,5147.75516313771,9.29034470091574,61.4122098777443,0
9936.10911429387,6322.32597424358,14.9779819834512,76.8050029641017,1
11167.2162525232,6964.80103974077,17.6998099288903,71.9798132427968,1
10836.9364398557,7742.03666758679,17.6742421921808,66.4688889752142,1
7375.97098759892,4012.67544925021,11.4445378775708,97.5710744038224,0
12719.0251837588,7759.00943170016,10.7903237391729,58.8708602357656,0
14940.8891218586,4479.30871741858,18.6134383587632,76.2605246854946,1
4978.43095356108,7143.48116506189,12.1962732649408,72.22447845852,0
11586.4806332993,7707.15110660837,19.7266680900939,87.9043691209517,1
11085.1645520952,6134.30769856078,19.5543899287004,62.1078303316608,1
7197.56629764347,2663.11782072962,19.2542392536998,91.8661090661772,1
12260.2581953707,6404.05325242971,19.3456936401781,96.8764064018615,1
9192.54642495903,10833.292784594,13.6981512045022,58.8184819323942,1
10995.7576947562,5173.11999779423,12.1436922089197,63.459729636088,0
5210.81688267342,5740.38016304009,15.01726498059,58.6535861017182,1
11156.3597666459,3840.75252429455,16.0122153470293,69.6141874534078,1
9090.48169897611,8347.98495536921,15.7431024801917,66.8518715188839,1
NA,NA,9.94914359482937,67.359255545307,NA
12335.3753755079,7457.93156909124,13.4899277838413,73.2005531550385,1
14202.5467816639,8551.2235498852,12.5227686052676,70.7894813618623,0
9626.0961817926,7128.26296845219,12.4224474853836,85.593748500105,0
5908.27583646306,8446.49503568612,14.6295680273324,53.913775307592,1
7124.26371611494,7962.35324971625,19.7291346751153,96.2300342158414,1
11762.8745550859,6126.72499865086,10.9914233596064,51.0616940911859,0
16919.0391565365,9444.35064789624,18.6889446598943,95.7062550005503,1
12986.7596066057,9622.38354641597,11.3754114764743,93.8029544893652,0
11648.5198768648,6654.95406438148,13.6520645825658,50.0328526017256,1
8026.27093560695,7717.69897827725,14.1595709086396,58.4978704457171,1
6451.47475854843,3217.12740879829,15.7576024397276,76.1950364219956,1
NA,NA,11.550054338295,72.8199606761336,NA
10792.7580370795,2480.97123517618,19.2232991913334,96.9512654701248,1
10098.3163970835,6375.2492979477,18.6364299014676,93.7385371071286,1
8844.60100571027,5915.52056635099,18.5573447723873,55.1458791131154,1
14400.283945036,7521.88268902177,18.041196368169,97.473308921326,1
12009.3813324003,9212.08375914779,14.7421524273232,62.2972489101812,1
12408.7035989598,9769.50796925685,14.4098919059616,57.9403184703551,1
9421.63618805216,2960.96875158429,12.516900481889,54.4713894021697,1
11745.947040025,7460.17925578261,10.1696642281022,51.8124794238247,0
9064.05940797605,3698.910590802,19.2445836055558,79.9794597900473,1
11771.9536832094,6273.69403418746,16.9534386817832,69.3868489237502,1
9931.62981576855,5275.01490527338,16.4173260629177,57.6894111232832,1
8677.75117441376,7432.90558550109,9.05199124151841,66.3325935136527,0
NA,NA,14.5598329796921,54.9242323613726,NA
6436.10147254245,8395.13293276521,12.5053262116853,80.6060930364765,0
6084.50186134288,2891.62910168381,9.6127149919048,64.0873462078162,0
NA,NA,13.6763940018136,84.1248531127349,NA
6152.26316995049,4077.06120824374,15.2010790591594,82.3622818221338,1
5133.98761645799,6717.01293527818,16.8180257221684,56.137458619196,1
7703.57082561446,8308.77253351523,9.2393827138003,89.5291813299991,0
14207.2601000994,7339.59117323459,15.7430491189007,75.2694863709621,1
14051.2682940297,7861.94966509635,18.8003239347599,76.722210040316,1
11078.8616889672,7874.11323068194,18.3450551701244,81.1670032795519,1
6536.96065223354,4839.01363465503,18.7946542943828,89.01070675347,1
13511.811516221,6805.63586848051,17.2344446803909,54.5532705611549,1
11356.4142453783,10661.1269453105,12.2482519107871,62.9961855593137,0
9558.95592681473,5611.05056381194,18.6947200905997,93.7678691698238,1
10304.9567976092,8494.54037133961,12.7850260611158,87.8435670398176,0
15105.6940890559,8055.04709942695,17.4097520292271,69.5125326747075,1
8097.00582958794,8228.21212607085,12.4891573307104,81.1960155144334,0
14591.2967293794,7548.56076469258,12.7164186129812,82.2512610000558,0
9214.07053969347,3956.58007740357,13.8778598878998,71.2811305886135,1
7366.83237707681,6975.17235606832,12.6112060414162,50.7171255303547,1
9513.56872273286,5729.88920407215,19.0462460767012,64.477703452576,1
11568.2155123425,7054.47698252544,14.978327419376,82.156009436585,1
10948.8582143146,9276.59328433752,13.7961275342386,81.8175311316736,0
NA,NA,15.7855016281828,53.2441222108901,NA
10187.1321742225,7570.64584996553,18.7524970560335,68.701176228933,1
7084.40176298482,8043.28001379479,10.0831211702898,92.7012570318766,0
5256.5066171659,4833.07750009053,18.3802903797477,62.4699270818383,1
12006.8681965914,6878.88223767741,10.7381210066378,98.0245504993945,0
9616.81235261425,4087.17908271251,17.4315411769785,81.9776498829015,1
6369.69619974807,6447.04268029177,15.6442649501842,64.5146459690295,1
10289.4737328067,7838.4252287035,12.551264379872,57.3097932618111,1
10803.0502246002,7455.92998654807,16.0798104442656,74.5170301757753,1
14679.3713095597,10194.8266773876,12.9711457085796,94.1561744897626,0
6841.82525559577,4007.16364038029,18.5416489718482,53.8878989173099,1
11991.4668621166,5498.27016599058,16.5890073052142,86.7890697089024,1
7107.20962641687,8318.39795574795,14.3445948658045,76.0158621589653,1
6668.12067631795,7472.31861750974,13.2063085034024,96.0260205785744,0
7819.68261391036,7896.40588675592,15.790164247388,92.537796520628,1
9339.38878903763,9128.00042820313,14.7122057045344,77.5909707997926,1
8676.25849668916,1934.34859304888,17.7463897156995,68.7475120066665,1
15501.4625481948,7291.73516607648,14.8039728340227,50.3121223649941,1
9162.18650029642,5037.39208363158,17.9262357554398,94.1673158318736,1
12730.2241130708,9734.26121281042,14.9536911144387,71.9064279575832,1
NA,NA,10.033294591587,89.5280563621782,NA
11792.8903831652,3909.19718006271,15.320840515662,66.607088164892,1
8703.61515271829,4826.49008328312,13.3848741615657,67.7625250420533,1
7193.75887807186,6654.11678659579,11.1076953769661,88.3137660683133,0
11519.8572402912,7989.85151611505,12.6590065353084,53.4220032510348,1
13266.623342464,6859.34465694939,15.1341671119444,89.4522604416125,1
10274.4506498175,4369.61432450989,10.2040122265462,68.3313880115747,0
11657.5520321128,7941.40520079809,11.9278963408433,97.9680956341326,0
9076.38587172425,2485.16553053221,19.033500360325,82.9142330097966,1
10181.3714830013,8806.47610724216,10.7280540424399,73.7317222985439,0
7663.69664850874,4371.19221664026,12.3181068145204,81.5779205178842,0
10371.3774896548,7047.48605886133,11.3525709793903,86.3990715006366,0
11332.9400262876,6443.16055519444,13.064780480694,66.8639708543196,1
7321.26727897921,6160.09088190475,19.6994442529976,74.2495488841087,1
10405.257242882,5351.61009759496,18.3076337943785,74.7812043176964,1
10749.3298490727,6393.58775220821,18.6205304751638,65.3849972295575,1
4852.12366554214,2395.69169659549,11.8131067096256,74.5941144879907,0
15746.0820881558,7982.6648410349,11.9592055142857,57.6354874647222,1
6884.7100474902,5902.18209673289,17.4754761927761,67.5004647462629,1
9996.93469942246,9160.57415977182,12.0983809866011,69.1851477371529,0
9758.32907408978,4069.38458638344,11.3604068064597,86.1748570459895,0
9526.10294037479,8986.91615418251,18.8691867589951,55.7253906037658,1
15742.6354832723,7659.07416206813,10.3841879230458,67.6535473088734,0
13563.0046212816,9432.81870854472,17.9877235421445,86.592865770217,1
11397.7421433457,4374.30608656659,13.7754484550096,96.1690319352783,0
10603.2247350199,9470.24116025357,19.7440280509181,75.2017797087319,1
NA,NA,11.9312953206245,79.5104341232218,NA
10605.9798516503,9166.05495711237,12.9091785461642,93.5694803483784,0
12928.0051273844,7565.95208612122,17.9757870221511,75.8817499037832,1
7237.47902198586,1781.67231402027,19.8720417625736,61.6816804045811,1
10877.6657305672,11033.5235154895,14.5103300160263,55.8693704777397,1
9793.07742454036,8558.20061103568,18.485134180868,90.7138249953277,1
13500.1962986173,6856.38543380395,12.3660619857255,51.8724329071119,1
8482.73546478581,3770.71877490352,10.7384714111686,86.8124526692554,0
10718.0677322744,12469.9729569748,18.7444094871171,51.4004074386321,1
9257.27904985136,1855.15419765444,12.2696596796159,81.2550608534366,0
9277.81254593918,9018.04734130004,17.6904324381612,90.5863062012941,1
9967.70298407827,8133.96234770549,13.882564694155,88.7139241909608,0
8185.99790402146,9378.92163641241,14.6078845239244,51.1911164503545,1
7447.93331068937,10606.7452469611,17.8665761852171,62.8888787003234,1
11363.1716151796,9315.54699339555,15.0567304689903,93.0026987101883,0
8598.25930640453,7837.73660665871,12.6652462002821,94.802987028379,0
11423.1743029876,7081.8435220072,19.1680263469461,62.2709688381292,1
15801.1424369787,5565.00138963047,14.5786195374094,54.8807959305122,1
8866.43171926385,6138.48897898217,17.7133040069602,56.9197165663354,1
10736.6824784702,5782.42556388148,15.1604477360379,99.4699383736588,0
12123.3610532736,12644.6642666833,18.2821355105843,96.378207707312,1
9630.00214669673,5294.40151900093,18.8947776944842,72.3522559623234,1
7059.22170198906,7419.94860532926,9.71030508936383,95.4518259735778,0
15485.8171577248,8528.02656264407,13.9528972960543,59.8981929942966,1
4739.21371059819,7413.38958710091,13.9534777880181,79.2917768005282,1
4973.23785031106,7927.68164040016,13.5254362130072,53.5481226164848,1
12382.9057811501,7635.99536764485,12.5361915836111,96.098020975478,0
7381.30602389694,6714.88477524372,9.31230222806334,58.6645586648956,0
9996.62040476816,6053.76853283071,13.0539821889251,83.0824839184061,0
NA,NA,17.0277563976124,60.6567460112274,NA
10687.321143045,7408.45938807224,14.2190940368455,78.8248755037785,1
15590.5813315183,11553.5622549863,10.6525024424773,63.8582107145339,0
5743.66095298889,8680.66279736568,16.1498054908589,88.7489635497332,1
12048.0594100816,5273.69351927939,11.41392798163,75.2562901936471,0
7116.32277072592,8280.91976313314,17.2871650417801,92.0723731047474,1
10920.1491171181,4017.09356431327,9.42485225247219,62.3967246036045,0
7822.07835102071,7014.05008648439,16.6917290301062,92.9833448026329,1
6399.55373449985,8300.95116875875,19.0679866448045,82.0385488681495,1
9268.5023140123,5210.19863659712,15.5980361723341,70.2461031149141,1
8324.62664604088,7573.3908124563,15.9969538359437,54.8955756356008,1
11713.989398738,8204.87663787656,17.1327993015293,72.1359185758047,1
6427.39987011882,1822.72337833073,10.3987197661772,67.0117700588889,0
11909.0976516035,9161.61593049602,11.8926131841727,93.0555616272613,0
7841.05207923065,7128.90027472972,19.7170519244391,58.9130016393028,1
10957.9240033141,12338.4134817814,10.7233694896568,89.5362745271996,0
12002.8969508224,6904.03794755007,10.7967067637946,92.9107913631015,0
15472.1679963875,6402.20142124338,10.9071765711997,59.1121454839595,0
9806.77848096498,6340.81561247585,10.6830686377361,84.1424647369422,0
8542.48681854951,10047.7594296574,15.1335181402974,76.5663584228605,1
14570.8645003492,4888.42235233389,17.3055982778315,68.3720246772282,1
8145.12793355209,11129.0484153159,12.9692970695905,93.3495954144746,0
15167.2434187168,6296.31087581494,16.4355431851,84.7946356981993,1
11245.540373459,6888.79037409415,15.1747817057185,75.5142203066498,1
10226.8767687188,9793.78264380123,13.8337615970522,96.5432983357459,0
11244.3328666153,5356.12877294486,14.5059702384751,68.7216198886745,1
NA,NA,11.1388508668169,66.7402434395626,NA
10673.4018694441,5040.41321898565,16.7075991928577,70.7686989451759,1
7746.14847052662,9624.8050315843,16.1410722925793,92.6149895880371,1
9014.99038586938,11142.1281124616,12.0256734064315,91.5273775230162,0
13188.720357302,7484.43584440886,9.86580346943811,62.4453607946634,0
13704.7482264524,7210.27431849429,10.7402026604395,60.9300570678897,0
8595.28446121244,5181.01215702855,17.0740768231917,93.3927321340889,1
6442.24691052304,2708.10501415417,10.3994454694912,90.3790532960556,0
15537.9208698659,7281.22554576812,10.2091368697584,68.4987264336087,0
NA,NA,19.5308977579698,79.2992426548153,NA
10747.0332871664,5445.27357963374,10.0609504464082,88.5311163961887,0
10363.8385920545,8338.40264655222,11.0882813611533,66.3545057061128,0
11367.0662898403,8153.92118509867,19.0980976338033,51.5454558422789,1
14537.3665271022,8886.74756561865,12.7733585808892,76.4466605731286,0
9872.25015979282,5725.94495936633,9.38657327229157,91.5489561273716,0
11452.0195330304,6168.96305745874,19.7233267128468,83.7201442103833,1
11074.1768953099,2944.19075052394,19.4438251722604,88.6626656982116,1
NA,NA,13.5693633251358,57.474929979071,NA
4117.01575807718,7481.44246466273,11.6365286936052,81.6564999055117,0
NA,NA,19.6179342393298,58.5017870878801,NA
11859.820790764,9553.38638216653,10.7460362801794,96.1802233243361,0
6676.50088230232,5909.12118418412,16.2602638141252,53.7030714913271,1
6941.15586209857,4620.1766473114,16.8861333439127,82.2623097454198,1
7284.99460952321,10978.8467882479,9.63357191137038,98.8153964630328,0
8117.87585752528,4454.31806281293,16.5528555901255,88.3194087306038,1
NA,NA,19.9362230894621,83.9736959314905,NA
10445.9884967018,6607.11725535795,17.0560511921067,68.4752252302133,1
12335.7032872584,5701.61934589968,14.0781722839456,73.2481154380366,1
9281.31424746138,7051.95745096474,11.5572116689291,67.7518556942232,0
8750.32609846789,8388.25167162334,15.3450102838688,60.856403876096,1
15301.5476375469,7712.81013248476,13.7136192149483,59.2080579139292,1
10676.7278705046,8927.15088331126,17.4527806150727,84.6175595652312,1
9944.7498356547,7878.58452318419,15.2372838768642,63.6774234124459,1
12309.7851871046,10922.499062634,11.4331710210536,78.4494258812629,0
7598.80235171856,4860.73900172974,18.1732191224582,60.0823230110109,1
12396.7984910447,8812.85767881705,9.73085964354686,69.5562997017987,0
9436.39372603892,5290.37185047231,14.1428324615117,89.9046273552813,0
3695.34411346056,5307.21467992007,19.4295680776704,79.0252148522995,1
11740.8786630873,6262.08724563374,19.5416619635653,65.0338710402139,1
13284.2381665306,10802.6807716097,19.5624836212955,90.9093530965038,1
11847.938658345,5585.49693688634,13.6551427799277,55.6848351843655,1
9858.46047065227,6455.69248372512,13.9806276902091,56.1827048426494,1
7888.34735999154,8530.38296982482,17.0199893524405,95.1518586953171,1
11723.5412117179,7563.09093377541,15.0625041453168,57.7011437038891,1
13082.0898099855,5146.8915205559,17.2157318321988,90.8247026847675,1
11064.7190216203,3494.06394793082,17.6917772733141,88.9974872465245,1
NA,NA,17.2552701029927,98.2950256671757,NA
8747.02018158398,7357.70114435044,11.4129050890915,91.1394605529495,0
8857.99689599636,3354.22521622381,17.2993021577131,73.5463518300094,1
15294.0001260088,7261.49007301152,18.766345646698,65.6283660442568,1
10277.0600631389,5696.11393567917,18.7511112682987,91.4164379239082,1
9066.62117611859,8843.85676820204,9.50378598505631,65.6222773133777,0
10633.9685544266,10064.9035300442,13.1967694843188,97.8750307229348,0
11613.3638428968,7132.57403755921,14.9295287453569,71.5760922874324,1
5607.91603036757,5262.20938416274,15.9889806525316,65.3158645844087,1
9884.97455729471,10401.8489258504,15.9758985410444,59.4844700885005,1
7923.43524384721,5488.50067888345,13.3724465204868,60.8718743547797,1
10752.0886571227,7061.2745056928,16.9500010851771,84.7214547800831,1
8875.20466267995,8890.75326560083,12.9842581388075,82.2652752045542,0
NA,NA,12.9341437881812,87.5458906171843,NA
6836.32615071929,9751.9078280393,14.2664651740342,75.9542212705128,1
3146.91978443694,6848.94161284501,18.8471231444273,66.1898531601764,1
13133.034136801,4888.77063309966,13.87565985322,93.1994414888322,0
12414.1623635733,5921.61729814174,17.2018359962385,93.397855409421,1
10466.8123314169,6129.05128580967,11.5454244785942,86.0499746748246,0
10183.4455443051,4564.29378142559,15.9601109826472,81.5291534294374,1
10890.8905984455,8348.23438761315,16.2296336980071,87.8748781164177,1
8633.55422344759,9866.14109716792,13.7651645317674,76.7810092773288,1
11664.3764377057,12544.2468378013,9.32666544592939,86.2759181414731,0
6677.41053563624,2033.03707007658,14.4601218407042,85.3306987555698,1
13800.6579569148,8703.02821814268,11.514265075326,63.3662028703839,0
NA,NA,16.7836622595787,89.0811091871001,NA
15243.4191898325,4707.26419906973,15.0339967380278,59.7439534729347,1
11286.9909361694,8932.05311063794,13.9886333949398,56.183980347123,1
4207.05355118394,2945.12242001434,13.4632528214715,75.2055198419839,0
8621.93438640172,8849.84873750407,14.6803714365233,96.182211546693,0
12108.3300827044,8214.66661463026,9.62035718164407,86.5222487365827,0
8439.58936506741,7368.58885049691,9.78067245101556,89.3754575401545,0
5268.24854079956,2975.85373909503,14.2988971653394,88.5375228361227,0
8120.48553984631,5459.17972957689,19.9802340660244,98.5472078202292,1
8156.91799491459,9696.91175777197,13.1624756795354,66.1860177759081,1
7916.52171443268,6529.40143669033,10.2360043476801,80.0371819525026,0
NA,NA,17.449224404525,68.4790947008878,NA
12284.7247597289,11655.9339249538,18.5222470164299,87.4920017202385,1
11707.7226708821,8624.88386964258,12.9727471978404,56.6368053085171,1
11168.2816251524,5921.05347534679,10.1081778910011,86.0711085842922,0
16306.9929885136,8458.36777149504,10.6558437864296,57.0425802259706,0
10921.2851477445,6809.19209719907,12.6821640448179,70.6957442685962,0
11221.552452902,6245.27630539808,13.4836938225199,72.6021272828802,1
13176.900406026,11719.1626101002,9.31099034962244,60.3722600033507,0
6022.95692807641,5651.15690169617,10.9874252683949,83.5918168188073,0
11927.0092690087,7227.87852704626,14.1769611241762,75.0700382282957,1
10302.7951842792,10617.5234048998,19.948234612355,77.9714801348746,1
12768.9906388605,4542.11695761848,15.8203802711796,96.0976101690903,1
9061.06387128173,4952.90454938183,12.059461619705,98.3474380336702,0
9239.74596034943,7738.0529897794,16.324082051171,92.0110086677596,1
15446.047748399,4791.92080821857,16.0229394913185,89.0647278050892,1
7388.45721664779,7087.42299227386,18.2660588331055,55.6331538129598,1
9383.17035064911,6926.10613966674,19.1206014207564,82.4941796599887,1
8492.08488120131,5169.45530934199,14.1498804136645,82.1692849509418,1
10518.8838603764,3471.61773406488,17.5406188245397,50.7055120076984,1
NA,NA,9.52205415326171,84.2753459932283,NA
6192.92123553926,2434.49578833137,17.2436697066296,86.9005858316086,1
6771.76903888098,2390.10355993722,15.4818471639883,71.2124069337733,1
11177.7147384607,8157.77022124022,9.14390686317347,81.0471988399513,0
15077.3658426774,8701.98586355383,15.0602800999768,73.4835695009679,1
8334.30326684747,7879.2268038474,15.1840277204756,65.9254500060342,1
9745.06894152855,12114.3529902057,19.3887842157856,60.8823654591106,1
12616.2040552275,8654.43004788169,13.5814494974911,58.8097560452297,1
7461.92695242719,4019.56591648091,13.3785319281742,52.6606230181642,1
7254.37716783489,10993.6430833306,17.2694799522869,64.6399246761575,1
7256.86485280265,5657.65524717095,16.7439008958172,85.9697670093738,1
6904.41792031766,4510.79856842174,16.3644678201526,52.5317168561742,1
7608.25649920159,7969.19410852349,13.7540543370415,67.4592059105635,1
11702.3953331796,10193.4479803563,12.1241850112565,97.3450923338532,0
11142.2710448174,9027.46871287494,17.3808415937237,68.0670174537227,1
8044.74893597351,7771.12833997049,17.2702789169271,74.6737509150989,1
11482.369036937,9070.98750730955,12.3448219739366,84.6585907274857,0
NA,NA,19.9454768465366,85.8696061070077,NA
11273.0212067712,6966.99113716061,15.8771287864074,81.7287963232957,1
7788.06283299378,5166.2163279277,11.0060374843888,50.1085320138372,0
6715.30034868247,4319.22910551629,13.1675873736385,89.6361830178648,0
NA,NA,16.4382639168762,85.063198232092,NA
12812.6261726327,3718.02843275566,10.0034803128801,92.7689292468131,0
15840.926216277,7954.46966283494,16.690073518781,87.3490148223937,1
9942.17917935807,7361.37703421311,15.5057767026592,71.8155469745398,1
9986.2611477196,7637.03689385182,18.5942182440776,54.9576338031329,1
8684.36783568046,7049.83001016619,15.5660924285185,53.8523467374034,1
7218.66042394253,11076.8593504879,12.7142668634187,84.0260281809606,0
5786.60814372942,4635.28941513843,11.3648433105554,67.4778239103034,0
8835.08849778456,8150.16677001569,19.0668582872022,75.5365333287045,1
11125.1232320784,8586.40172589747,9.10534845525399,60.7106488896534,0
7358.85159213269,8325.80375567534,13.9231254912447,93.774151452817,0
12810.2187599718,3478.92990677862,18.1002761994023,55.9905956150033,1
10061.3980351132,10286.8935997901,13.8128188769333,90.4384680092335,0
13082.8453581666,5888.50405409903,13.0450545542408,67.2773389378563,1
7854.45211865904,10072.0038805528,18.409242981812,60.7427541399375,1
6953.70230025179,6673.73317199964,17.8914029209409,74.397869524546,1
12413.0371932043,6404.5158730259,10.5015369574539,79.8428269918077,0
11201.9990938365,7862.11563423576,16.5198931002524,86.692390171811,1
11384.3323309239,6791.74044322696,9.51595263602212,72.6371170952916,0
7534.23284281047,6740.14664555432,10.2478467586916,87.2932447353378,0
11549.1320450899,3132.37211810577,12.2075119724032,78.4756665001623,0
11528.5606129221,6776.48560104105,10.1089716616552,87.0822147349827,0
10101.3944839985,8581.7435237251,18.5460001081228,91.0526455147192,1
7083.02781882028,9837.98725712573,18.3554801377468,59.7448441432789,1
14804.7917412775,8945.88078271677,18.8374377845321,84.6191355958581,1
11833.3936307759,9808.04652490504,17.3611679784954,86.6538580041379,1
9392.30137975321,10299.6261754051,10.3550737490878,53.5024217795581,0
8643.80469769738,5239.73172265276,16.0086367931217,54.0544740157202,1
NA,NA,18.0308412427548,89.2746424535289,NA
12321.3550663605,3838.01166465117,13.2629156848416,98.381739621982,0
9267.36634749808,3944.9158748405,14.1291209531482,96.3034586166032,0
10651.1253570625,11172.2442310302,14.7453687724192,62.7932776347734,1
7988.22170821506,3614.30535007044,13.1490755081177,72.8716705692932,0
11232.5710973256,9423.08320452921,10.8843559920788,81.5351656172425,0
13899.0148614084,5784.06184668811,14.2645345120691,62.0236632996239,1
NA,NA,15.5090778931044,52.6027499930933,NA
12636.8269073108,4906.04388330062,12.5615778868087,56.0307925683446,1
7582.06693419684,4653.90700821304,12.8302368177101,67.4875694676302,0
9961.78316208649,6995.47164433074,16.575327209197,99.3735088966787,1
NA,NA,17.9920181822963,67.3766745021567,NA
13324.4847046341,4823.49820860728,16.5886976073962,63.2469707983546,1
6914.8300336247,9946.53189252899,19.4292663936503,85.7689051190391,1
13293.8192757773,11180.902327491,17.3342807490844,88.792227068916,1
9655.18964987285,7685.29546856533,9.85762529517524,96.8660418991931,0
10228.396424828,5372.40788297486,10.9070026776753,91.0316514666192,0
9910.6925163635,6903.56185977511,9.79901404702105,92.6122239790857,0
NA,NA,14.3059044107795,52.1195159875788,NA
12548.1764835499,3806.13574380656,18.7873356249183,83.4498752723448,1
5110.4222145113,8048.31958165104,17.1973524824716,82.9030527616851,1
7473.09239724447,3914.19163005642,15.7087939667981,52.6603318750858,1
8212.8945098107,5397.38135292188,18.6199495939072,56.9789997651242,1
9507.16081308704,6463.15107806138,10.0238822770771,52.19195431564,0
10537.7897264721,7019.84457330407,9.10049440641887,51.6244468279183,0
13594.7267375531,8655.31291951953,14.3862300163601,58.8127039954998,1
14173.3283305821,4181.63436762159,13.585067254724,71.7861194978468,1
9494.16244680411,8196.97264630626,9.27851668349467,77.9586330754682,0
13601.4538896923,8936.11635561007,12.9316381714307,68.3992049656808,1
13118.9751778209,8423.37444530969,16.1156332837418,58.7938329088502,1
9735.73929013561,6605.33571744276,10.6661135568283,54.6357796643861,0
NA,NA,11.2802700821776,75.7036352995783,NA
6649.85329449022,2330.99102695607,14.4041060796008,50.2171051106416,1
11800.6573497891,3877.24396399439,16.9320976510644,62.6169030438177,1
NA,NA,10.7513795599807,93.1688341544941,NA
10825.0429999714,3070.8853867565,19.2711380203255,74.39665265847,1
10272.0338689803,3444.60272267132,10.7767743892036,97.058224666398,0
9897.97050747972,10104.1818549657,14.0727145904675,75.1296228030697,1
7261.46762180377,4593.55202588313,15.6314689919818,77.06243499415,1
12429.1626951414,3244.91292799455,18.960704139201,94.8696628212929,1
14806.9082760383,8096.62222054838,10.5664629964158,98.2112772180699,0
8156.67564360026,7267.04099968401,18.9444502259139,87.9140775068663,1
9471.89371690757,7601.2042592487,19.0988430373836,50.3726439899765,1
9892.75450644313,5435.27518711979,15.6598884882405,57.4763451004401,1
16131.9667686655,9589.5198535359,14.3990954761393,64.4771382329054,1
16042.4514700166,8276.44288167904,19.8876778425183,88.0147703690454,1
12216.0186620842,5616.39917948976,19.8307352187112,73.5049090581015,1
12065.4791086375,5341.06484360996,11.5956850906368,94.7510128724389,0
11479.4759726589,9003.87218371679,16.135297704488,96.4999735588208,1
16420.940614235,8626.32956894724,9.34618413029239,53.7339171394706,0
6532.94139737194,7158.65668288886,12.3874364802614,87.4262274475768,0
7460.79237820225,4840.83496478034,13.9142761249095,98.6267879605293,0
NA,NA,17.5511880482081,88.3796772104688,NA
10311.0830839835,5368.54003525484,11.9734508199617,94.2928306641988,0
9969.79191219754,6154.33476287316,14.0323388022371,89.5175563869998,0
6022.4764517767,8659.19831154352,13.8537262394093,89.198939607013,0
11915.1933546149,6694.38046623028,9.97328900406137,73.4655467094854,0
2962.44359949065,6732.19325327496,11.9725459753536,77.8143001603894,0
8146.20374094612,6755.47178718235,11.1384008878376,90.3557100798935,0
12842.8019293605,6645.07662122237,19.6166089405306,97.3572546732612,1
14082.4237470054,11674.2250594867,9.855318906717,66.4948340621777,0
8766.54710037918,5366.58591439078,12.359551862115,64.1456042416394,1
8115.41124563009,6601.83421408976,9.61716855829582,93.8985430169851,0
13067.8454729658,3376.78568712401,10.9389586125035,85.4639911558479,0
11080.8202917298,3566.59475729583,16.3119121962227,56.3455593190156,1
5317.12548100492,5299.91200784931,12.3510131207295,55.4592977510765,1
8144.4707251432,5700.42365957439,16.1394177083857,84.6862128470093,1
15016.9058704418,8624.80252260393,17.3666128867771,99.2385336430743,1
9467.3482153351,8646.4438271116,14.3400782058015,93.0394709692337,0
NA,NA,16.8825914014596,65.2083892608061,NA
10149.212969403,7523.71797871599,9.60347892972641,71.1162938852794,0
10216.9729174386,6488.569586728,18.4133528794628,57.9731918522157,1
12373.2112836977,8231.22325185088,12.1284021027386,73.274297080934,0
9245.09320984434,6391.33842287383,16.3159550945275,70.7885750220157,1
13261.8978499958,3548.74154772451,13.3727386642713,73.9400702295825,0
8760.62858565234,4059.91693076316,19.0054144265596,94.7196104680188,1
7305.1178217487,9766.78341213885,12.5593714262359,69.1107166581787,0
14656.9011161609,7801.03980545343,12.830295014428,84.9965489585884,0
5405.85397663033,6705.54764918834,14.8431765895803,67.9414186743088,1
16362.371197287,9566.87123742396,17.6352618907113,99.2531268741004,1
12707.3797252805,7410.25851642098,9.92625231295824,94.4339153589681,0
7280.93605469034,5340.25526821309,19.287902132608,81.9644706090912,1
12897.1076511102,10596.9202681223,9.90839486150071,62.6156051177531,0
NA,NA,15.5267439302988,84.621283004526,NA
12332.7675177233,5759.61089412537,16.9061980140395,81.2880896497518,1
3514.26924374657,5251.81406337448,12.4115394155961,59.4757123617455,1
5758.9506482594,7124.23981855257,11.2150179438759,97.0229828497395,0
7174.08769378006,9648.5392962348,13.4517309751827,97.8541583172046,0
12720.4685666525,7342.27119331376,16.8007257457357,73.1765146367252,1
7530.5964806455,7078.7353395979,16.7347279067617,86.2768424907699,1
9811.73384462702,7215.88946533278,12.1767465283629,73.4906563535333,0
11200.357871377,6033.40055698616,16.6309265294112,83.3125186851248,1
8281.07105376742,2067.03795043691,10.0887764529325,94.0100558684207,0
13374.9851403777,5034.44252058421,9.63117701513693,95.3234098269604,0
10418.8334521051,8351.19759481425,14.9991852915846,88.1496532587335,1
12876.5021833076,3903.66621792059,13.4325775806792,84.65946984943,0
7868.40827349539,4770.21562434412,12.862873405451,75.4910038784146,0
7249.12598494766,7850.44194902079,15.6538518087473,92.7466870285571,1
6666.05164391113,5279.94373242521,17.5928452783264,51.7110816086642,1
10320.0989251675,7612.29158348189,11.8024399450514,75.5070176324807,0
7844.64292989365,6094.42021851378,13.8005228219554,90.5391784617677,0
13670.9610527332,9074.63901821919,12.4352097979281,50.5991091718897,1
11256.1965888405,6041.07290762048,15.5063887375873,79.9938354524784,1
11070.0805545895,10000.5612888703,14.7771582026035,72.7655434398912,1
3033.3226314607,7465.84859262409,19.8705852746498,56.9679014501162,1
8584.29482611896,5331.11179563344,19.2579019204713,69.1060182987712,1
7814.22515961391,8159.01730180566,18.8841669112444,73.7796572153457,1
9037.25143007276,6318.31609985134,12.141154734185,56.3993105548434,1
6914.89787229459,8209.62540267576,11.8149103596807,94.6357452543452,0
10840.4688737346,4373.37109330224,10.3450821822044,65.405981184449,0
4806.34172055737,3241.09188817999,11.511887694709,50.7463797577657,1
5257.359855179,9009.97556581867,14.3009700472467,99.3934691417962,0
7778.04322408981,9021.64227365117,12.1594970191363,85.1940649794415,0
10500.1179454669,4464.49019123727,18.633624862181,90.8765716827475,1
4918.17697210667,6986.51110432219,11.9313614927232,50.6598244071938,1
9831.44085294223,8813.47962338677,16.495771560818,54.66832582606,1
8566.0567884016,4601.2343492711,11.2583760072012,53.9417298510671,0
16038.0713503246,5383.07758838898,9.74935921817087,80.1391703193076,0
10867.4476342786,6573.76060082123,16.9967669129837,91.1560516105965,1
11979.7952630721,8486.41074109914,11.1959192168433,72.7435837383382,0
4712.82262842852,8183.00721999112,19.931515537668,94.7618177626282,1
12343.4834289212,6839.04595359886,14.7019511703402,89.7133794846013,1
14547.0104167117,7548.63102540417,11.3090015787166,66.1431526066735,0
11109.8976127336,4428.72076494398,16.0788012077101,60.2002752246335,1
6427.50660734813,4883.33325670039,14.2648147926666,86.7459172499366,0
13513.3091860371,10064.9041098828,14.6937226108275,76.4208785491064,1
7825.98414509999,6571.11849106333,15.7807560716756,90.6553638633341,1
5421.49884590973,8107.64704183071,16.7657033307478,55.9775782632641,1
9020.38857300054,3585.20851629508,16.2208978105336,88.3284041075967,1
15036.196131585,5440.86801795674,18.509326858446,72.5565672270022,1
11236.7820865573,5384.07287827271,9.09680309076793,66.281211306341,0
11500.0989534095,6263.8111029254,14.809817166999,66.7303573107347,1
11423.5821506308,3065.19179485639,12.6773633188568,72.2465946222655,0
8288.48623659642,5702.33036958065,11.3080311741214,72.4607647629455,0
7307.19273565283,4899.4691073664,17.5438607451506,52.0569301326759,1
11616.1575717978,2215.01278365294,10.4537853351794,92.9825957049616,0
11414.7310103873,6813.06738486872,9.66902930987999,96.0276444093324,0
8896.86572698627,7287.19920090807,10.6861261820886,61.9892604299821,0
14783.3636769125,5650.26232051111,15.0298573668115,54.3073884327896,1
9849.07241587432,3852.09552992345,10.6978548043407,55.3672608104534,0
7999.1352166409,4492.8540569396,10.6599008273333,97.8961619432084,0
11228.2124391014,3525.11727041138,9.45949642593041,99.8550835996866,0
11392.3565568729,8124.7574640732,19.9845849999692,93.8189041567966,1
